maker,city,state,categories,url
123Dough,Brooklyn,New York,5 Artisan Bread Bakers That Ship,https://123dough.com/
18.21 Bitters,Atlanta,Georgia,Cocktail Mixers & Syrups Worth the Hunt,https://www.1821bitters.com/
1913 Kickapoo Orchard,Gays Mills,Wisconsin,Apples Worth the Hunt,https://1913kickapoo.com/
1915 Farm,,,Best Leaf Lard & Manteca Worth the Hunt,https://1915farm.com/
24Vegan,,,Oyster & Mushroom Sauce Worth the Hunt,https://24vegan.com/products/oyster-sauce
4505 Meats,San Francisco,California,Pork Rinds & Chicharrones Worth the Hunt,https://4505meats.com/
4C Foods,Brooklyn,New York,Breadcrumbs & Panko Worth the Hunt,https://www.4c.com/4c-product/seasoned-bread-crumbs/
5 Spoke Creamery,Goshen,New York,Kosher Dairy & Cheese Worth the Hunt,https://www.5spokecreamery.com/
801 Pine Nut,,,Pine Nuts Worth the Hunt,https://801pinenut.com/
A Dozen Cousins,,,Canned & Jarred Beans Worth the Hunt,https://adozencousins.com/
Abbott Farms,,,Chow-Chow & Southern Relish Worth the Hunt; Relish & Chow-Chow Worth the Hunt,https://www.abbottfarmsonline.com/
Abeles & Heymann,Hillside,New Jersey,"Kosher Salami, Hot Dogs & Knishes Worth the Hunt",https://abeles-heymann.com/
Achatz Handmade Pie Co.,,,Pie Worth the Hunt,https://www.achatzpies.com/
Acorn Bluff Farms,,,Pork Worth the Hunt,https://acornblufffarms.com/
Aduna,,,Fonio Worth the Hunt,https://aduna.com/collections/fonio
Aedan Fermented Foods,San Francisco,California,5 Craft Miso Makers Worth the Hunt,https://aedansf.com/
African Dream Foods,,,Piri-Piri & Peri-Peri Sauce Worth the Hunt,https://africandreamfoods.com/products/lemon-garlic-peri-peri-sauce
Agua Bonita,Central Valley,California,Aguas Frescas Worth the Hunt,https://www.drinkaguabonita.com/
Ahara Rasa,Portland,Oregon,Ghee Worth the Hunt,https://iloveghee.com/
Ahualoa Family Farms,Honokaa,Hawaii,Macadamia Nuts Worth the Hunt,https://ahualoafamilyfarms.com/
Alaska Gold Seafood,Sitka,Alaska,5 Smoked Fish Makers Worth the Hunt,https://alaskagoldseafood.com/
Albasha,Fishers,Indiana,Labneh Worth the Hunt,https://www.albasha.store/
Alderspring Ranch,Salmon,Idaho,Beef Worth the Hunt; 5 Regenerative Meat Companies Worth the Hunt,https://www.alderspring.com/
Alec's Ice Cream,,,5 Small-Batch Ice Cream Makers That Ship,https://alecsicecream.com/
Alexandre Family Farm,Crescent City,California,Kefir Worth the Hunt; Yogurt & Skyr Worth the Hunt,https://alexandrefamilyfarm.com/
Alle-Pia,Atascadero,California,Coppa & Capicola Worth the Hunt; Prosciutto & Dry-Cured Ham Worth the Hunt; Saucisson & Dry Salami Worth the Hunt,http://www.allepiasalumi.com/products/coppa-1lbs
Alma Semillera,,,Hominy & Pozole Corn Worth the Hunt; Horchata & Rice Drinks Worth the Hunt,https://almasemillera.com/collections/dried-posole-hominy
Aloevine,,,Aloe & Botanical Drinks Worth the Hunt,https://aloevine.com/
Aloha Shoyu,Kalihi,Hawaii,Teriyaki & Glaze Worth the Hunt,https://alohashoyu.com/
Aloha Specialties,,,Furikake Worth the Hunt,https://alohaspecialties.com/products/aloha-specialties-furikake-seasoning-2oz-bag
Alvin's Hot Sauce,New York,New York,Scotch Bonnet & Pepper Sauce Worth the Hunt,https://alvinshotsauce.com/
Amadeus Vanilla Beans,,,Vanilla Extract Worth the Hunt,https://amadeusvanillabeans.com/
Amagansett Sea Salt Co.,Long Island,New York,5 Finishing Salt Makers Worth the Hunt; Fleur de Sel & Sel Gris Worth the Hunt,https://amagansettseasalt.com/
Amazi Foods,,,Plantain & Cassava Chips Worth the Hunt,https://amazifoods.com/
American Caviar Co.,Paris,Tennessee,5 Sustainable Caviar & Roe Sources Worth the Hunt,https://www.americancaviarco.com/
American Fulfillment Online,,,Parmesan Worth the Hunt,https://goafo.com/products/10lb-parmigianoreggiano
American Pine Nuts (PineNut.com),,,Pine Nuts Worth the Hunt,https://www.pinenut.com/
American Spoon,Petoskey,Michigan,Apple & Fruit Butter Worth the Hunt; Conserves & Brandied Fruit Worth the Hunt; Lemon & Fruit Curd Worth the Hunt; 5 Artisan Mustard Makers Worth the Hunt; Pie Filling & Fruit Preserves for Baking Worth the Hunt,https://spoon.com/
American Vinegar Works,,,"Malt, Coconut & Cane Vinegar Worth the Hunt; Rice Vinegar Worth the Hunt; Salad Dressing Worth the Hunt; Sherry & Red Wine Vinegar Worth the Hunt; 5 Artisan Vinegar Makers Worth the Hunt",https://www.americanvinegarworks.com/
An Vat California,,,"Rice Paper & Spring Roll Wrappers Worth the Hunt; Vietnamese Noodles (Bun, Banh Pho) Worth the Hunt",https://anvatcalifornia.us/
Anchored Shrimp Co.,Brunswick,Georgia,Shrimp Worth the Hunt,http://anchoredshrimp.com/
Andreas Seed Oils,Bend,Oregon,"Walnut, Pumpkin-Seed & Nut Oils Worth the Hunt",https://andreasseedoils.com/
Andrulis Cheese,Fountain,Michigan,Farmer & Pot Cheese Worth the Hunt,https://andrulischeese.com/
Andy's Orchard,Morgan Hill,California,Stone Fruit Worth the Hunt,https://andysorchard.com/
Anita's Yogurt,Brooklyn,New York,Plant-Based Yogurt Worth the Hunt,https://anitas.co/
Anna Mary's,,,Preserved Tomatoes Worth the Hunt,https://annamarys.com/product-category/green-tomato-relish/
Annabella,,,Fresh Mozzarella Worth the Hunt,https://www.annabella.com/
Anson Mills,Columbia,South Carolina,Cornmeal & Corn Flour Worth the Hunt; Farro & Emmer Worth the Hunt; Grits & Polenta Worth the Hunt; 5 Heritage Rice & Grain Growers Worth the Hunt; Semolina & Durum Flour Worth the Hunt,https://ansonmills.com/
Anthem Oats,,,Oats & Hot Cereal Worth the Hunt,https://anthemoats.com/
Anthony's Goods,,,"Almond Flour Worth the Hunt; Yeast, Baking Powder & Soda Worth the Hunt; Cassava & Tapioca Flour Worth the Hunt; Coconut Flour Worth the Hunt; Shredded & Flaked Coconut Worth the Hunt",https://anthonysgoods.com/
AppetizersUSA,,,Frozen Appetizers & Snacks Worth the Hunt,https://www.appetizersusa.com/
Apple Valley Creamery,East Berlin,Pennsylvania,Cream & Half-and-Half Worth the Hunt,https://www.applevalleycreamery.com/
Apricot King,Hollister,California,5 Dried Fruit Makers Worth the Hunt,https://www.apricotking.com/
Arcadia Reptile,,,Reptile Food Worth the Hunt,https://www.arcadiareptile.com/
Arctic Farms,,,Melons Worth the Hunt,https://arcticfarms.com/
Argyle Cheese Farmer,Argyle,New York,Buttermilk & Cultured Milk Worth the Hunt,https://cheesefarmer.com/
Arnaud's Restaurant,New Orleans,Louisiana,Tartar & Remoulade Worth the Hunt,https://www.arnaudsrestaurant.com/shop/
Arnett Farms,Fresno,California,Melons Worth the Hunt,https://arnettfarms.com/
Art of Tea,Los Angeles,California,Herbal & Wellness Tea Worth the Hunt; 5 Independent Tea Companies Worth the Hunt,https://www.artoftea.com/
Artisan Naan Bakery,St. Cloud,Minnesota,Naan Worth the Hunt; Pita & Flatbread Worth the Hunt,https://www.artisannaan.com/
Artisan Tropic,,,Plantain & Cassava Chips Worth the Hunt; Veggie & Root Chips Worth the Hunt,https://artisantropic.com/
Asher's Chocolate Co.,Souderton,Pennsylvania,Kosher Sweets & Chocolate Worth the Hunt,https://ashers.com/
Askinosie Chocolate,Springfield,Missouri,Baking Chocolate Worth the Hunt; 5 Bean-to-Bar Chocolate Makers Worth the Hunt; Cocoa & Cacao Powder Worth the Hunt,https://askinosie.com/
Athens Foods,Cleveland,Ohio,Phyllo & Filo Dough Worth the Hunt,https://athensfoods.com/
Atlantic Sea Farms,Saco,Maine,Kombu & Kelp Worth the Hunt,https://atlanticseafarms.com/
Atoria's Family Bakery,,,Naan Worth the Hunt,https://atoriasfamilybakery.com/collections/naan
Aufschnitt Meats,Baltimore,Maryland,Kosher Jerky & Meat Snacks Worth the Hunt,https://www.aufschnittmeats.com/
Aura Bora,,,Sparkling Water & Seltzer Worth the Hunt,https://www.aurabora.com/
Auria's Malaysian Kitchen,Brooklyn,New York,Sambal & Indonesian Chili Paste Worth the Hunt,https://auriasmalaysiankitchen.com/
AussieMite,,,Yeast Extract Spread Worth the Hunt,https://theaustralianfoodshop.com/product-brands/aussiemite/
Avohass,,,Avocado Oil Worth the Hunt,https://avohass.com/
B&R Farms,Hollister,California,5 Dried Fruit Makers Worth the Hunt,https://www.brfarms.com/
Baba Small Batch,San Luis Obispo,California,Hummus & Dips Worth the Hunt,https://babasmallbatch.com/
Bachan's,Sebastopol,California,Teriyaki & Glaze Worth the Hunt,https://bachans.com/
Back to the Roots,Salt Lake City,Utah,Microgreens Worth the Hunt,https://backtotheroots.com/collections/microgreens
Bacon's Heir,,,Pork Rinds & Chicharrones Worth the Hunt,https://baconsheir.com/
Bada Bean Bada Boom,,,Roasted Chickpeas & Bean Snacks Worth the Hunt,https://www.badabeansnacks.com/
Baer's Best Beans,South Berwick,Maine,5 Heirloom Bean Growers Worth the Hunt,https://www.baersbest.com/
Baileys Harbor Fish Company,Baileys Harbor,Wisconsin,Trout & Freshwater Fish Worth the Hunt,https://www.baileysharborfishcompany.com
Baker Creek (Rare Seeds),Mansfield,Missouri,5 Heirloom Seed Companies Worth the Hunt,https://www.rareseeds.com/
Bakerly,,,Croissants & Pastry Worth the Hunt,https://www.bakerly.com/
Bakers Authority,,,Breadcrumbs & Panko Worth the Hunt,https://www.bakersauthority.com/products/panko-japanese-style-toasted-bread-crumbs
Baladi Bread,Lorton,Virginia,Pita & Flatbread Worth the Hunt,https://www.baladibread.com/
Bali Marle,Oxford,Massachusetts,Sambal & Indonesian Chili Paste Worth the Hunt,https://balimarle.com/
Bali's Best,,,Kecap Manis & Sweet Soy Worth the Hunt,https://www.balisbestsweetsoy.com/
Bambino Ravioli,,,Fresh Pasta Worth the Hunt,https://bambinoravioli.com/
Banner Butter,Decatur,Georgia,Compound & Finishing Butter Worth the Hunt; 5 Cultured Butters Worth the Hunt,https://bannerbutter.com/
Banyan Botanicals,,,Ghee Worth the Hunt,https://www.banyanbotanicals.com/
Bariani Olive Oil,Yolo County,California,Kosher Olive Oil & Vinegar Worth the Hunt,https://barianioliveoil.com/
Barnacle Foods,Juneau,Alaska,Furikake Worth the Hunt; Kombu & Kelp Worth the Hunt,https://www.barnaclefoods.com/products/furikake
Barnana,,,Plantain & Cassava Chips Worth the Hunt; Veggie & Root Chips Worth the Hunt,https://barnana.com/
Barton Springs Mill,Dripping Springs,Texas,Atta Flour (Chapati / Roti Flour) Worth the Hunt; Cornmeal & Corn Flour Worth the Hunt; 5 Heritage Rice & Grain Growers Worth the Hunt,https://bartonspringsmill.com/
Basic Honey,,,5 Raw Honey Makers Worth the Hunt,https://basichoney.com/
Battistoni,Buffalo,New York,Pepperoni Worth the Hunt,https://www.battistonibrand.com/our-products/cup-and-char
Bautista Family Organic Date Ranch,Mecca,California,Dates Worth the Hunt,https://bautistaorganicdates.com/
Bean & Bean,New York,New York,5 Small-Roaster Coffees Worth the Hunt,https://www.beanandbeancoffee.com/
Beatrice Bakery Co.,Beatrice,Nebraska,Muffins & Quick Breads Worth the Hunt,https://www.grandmasbakeshoppe.com/
Beaver Brand (Beaverton Foods),Hillsboro,Oregon,Kosher Pickles & Deli Condiments Worth the Hunt,https://beavertonfoods.com/shop-brands/beaver-brand/
Beaver Brook Ranch,Hope,New Jersey,Beef Worth the Hunt; Heritage Turkey Worth the Hunt,https://beaverbrookranch.com/
Beaverton Foods (Beaver Brand),Hillsboro,Oregon,Cocktail & Seafood Sauce Worth the Hunt; Prepared Horseradish Worth the Hunt,https://beavertonfoods.com/
Beck & Bulow,Santa Fe,New Mexico,5 Small-Smokehouse Bacon Makers Worth the Hunt,https://www.beckandbulow.com/
Bee Inspired Goods,Owings Mills,Maryland,"Kosher Pantry & Matzo Worth the Hunt; Kosher Coffee, Spice & Pantry Specialty Worth the Hunt",https://beeinspiredgoods.com/
Beekeeper Direct,Fairview,Montana,5 Small-Batch Hot Honeys Worth the Hunt,https://beekeeperdirecthoney.com/
BEHAVE,,,Gummies & Chews Worth the Hunt,https://www.eatbehave.com/
Beiler Family Farm,Spring Mills,Pennsylvania,Winter Squash Worth the Hunt,https://beilerfamilyfarm.com/
BelGioioso,,,Parmesan Worth the Hunt,https://www.belgioioso.com/
Bella Sun Luci,Chico,California,Sun-Dried Tomatoes Worth the Hunt,https://bellasunluci.com/
Bella Vado,,,Avocado Oil Worth the Hunt; Cooking Oil Worth the Hunt,https://bellavado.com/
Bella Viva Orchards,Denair,California,Fruit Leather & Dried Fruit Snacks Worth the Hunt,https://www.bellaviva.com/
Bellwether Farms,Sonoma County,California,Clotted Cream & Crème Worth the Hunt; Mascarpone & Creme Fraiche Worth the Hunt; Sour Cream & Crème Fraîche Worth the Hunt; Yogurt & Skyr Worth the Hunt,https://bellwetherfarms.com/
Benton's Smoky Mountain,Madisonville,Tennessee,5 Small-Smokehouse Bacon Makers Worth the Hunt,https://www.bentonscountryham.com/
Benton's Smoky Mountain Country Hams,Madisonville,Tennessee,Country Ham & Cured Whole Muscle Worth the Hunt; Deli & Ham Worth the Hunt,https://www.bentonscountryham.com/
Béquet Confections,Bozeman,Montana,Caramels & Toffee Worth the Hunt,https://bequetconfections.com/
Bergen Marzipan,Bergenfield,New Jersey,Marzipan & Nougat Worth the Hunt,https://bergenmarzipan.com/
Bertagna Family Farms,,,Best Almonds Worth the Hunt,https://bertagnafamilyfarms.com/
Beth's Farm Kitchen,Hudson Valley,New York,Lemon & Fruit Curd Worth the Hunt,https://bethsfarmkitchen.com/products/lemon-curd
Better Booch,Los Angeles,California,5 Craft Kombuchas Worth the Hunt,https://betterbooch.com/
Better Walnuts,Red Bluff,California,5 Walnut Growers Worth the Hunt,https://betterwalnuts.com/
Beyond the Nut,,,Cashews Worth the Hunt,https://beyondthenut.com/
Bianco DiNapoli,,,Canned Tomatoes Worth the Hunt; Tomato Paste & Passata Worth the Hunt,https://biancodinapoli.com/
Bien Cuit,Brooklyn,New York,5 Artisan Bread Bakers That Ship,https://biencuitprovisions.com/
Biena Snacks,Boston,Massachusetts,Dried Edamame & Pea Snacks Worth the Hunt; Roasted Chickpeas & Bean Snacks Worth the Hunt,https://bienasnacks.com/
Big Picture Farm,Townshend,Vermont,Caramels & Toffee Worth the Hunt,https://bigpicturefarm.com/
Big Spoon Roasters,Durham,North Carolina,5 Small-Batch Nut Butter Makers Worth the Hunt,https://bigspoonroasters.com/
Big Tree Farms,,,Coconut & Palm Sugar Worth the Hunt; Palm & Coconut Sugar (Gula) Worth the Hunt,https://bigtreefarms.com/
BillyDoe Meats,,,Goat Worth the Hunt; Halal Beef Bacon & Breakfast Meats Worth the Hunt; Halal Beef & Lamb Worth the Hunt,https://billydoemeats.com/
Biloxi Shrimp Co.,Biloxi,Mississippi,Shrimp Worth the Hunt,https://biloxishrimpco.com/
Bishop's Orchards,Guilford,Connecticut,Fresh Apple Cider Worth the Hunt,https://bishopsorchards.com/farm-market/cider/
Bittercube,Milwaukee,Wisconsin,Cocktail Bitters Worth the Hunt,https://www.bittercube.com/
Bixby Chocolate,Rockland,Maine,Chocolate-Covered Nuts & Fruit Worth the Hunt,https://bixbychocolate.com/
Bizzy Cold Brew,Minneapolis,Minnesota,Cold Brew Coffee Worth the Hunt,https://www.bizzycoldbrew.com/
BKE Kombucha,Brooklyn,New York,5 Craft Kombuchas Worth the Hunt,https://bkekombucha.com/
Black Forest Bratwurst Co.,,,5 Small-Batch Sausage Makers Worth the Hunt,https://blackforestbratwurst.com/
Black Seed Bagels,New York,New York,5 Real Bagel Shops That Ship,https://www.blackseedbagels.com/
Blake Hill Preserves,Windsor,Vermont,"Apple & Fruit Butter Worth the Hunt; Fig & Cheese-Board Spreads Worth the Hunt; Preserved Tomatoes Worth the Hunt; 5 Small-Batch Jam Makers Worth the Hunt; Kosher Honey, Preserves & Jam Worth the Hunt; Marmalade Worth the Hunt; Onion & Bacon Jam Worth the Hunt; Pepper Jelly & Hot Jam Worth the Hunt; Pie Filling & Fruit Preserves for Baking Worth the Hunt; Preserved Lemon Worth the Hunt; Tomato Jam & Savory Jam Worth the Hunt",https://blakehillpreserves.com/
Bloom Honey,Westlake Village,California,"Kosher Honey, Preserves & Jam Worth the Hunt; 5 Raw Honey Makers Worth the Hunt",https://www.bloomhoney.com/
Blue House Farm,San Gregorio,California,5 Heirloom Bean Growers Worth the Hunt,https://bluehousefarm.com/
Blue Ridge Jams,,,Preserved Tomatoes Worth the Hunt; Melons Worth the Hunt,https://www.harvestarray.com/products/blue-ridge-jams-tomato-preserves
Blue Spruce Decaf Coffee Co.,,,Decaf Coffee Worth the Hunt,https://bluesprucedecaf.com/
Bluebird Grain Farms,Winthrop,Washington,Farro & Emmer Worth the Hunt; Spelt & Einkorn Flour Worth the Hunt,https://bluebirdgrainfarms.com/
Bob's Red Mill,Milwaukie,Oregon,"Almond Flour Worth the Hunt; Amaranth & Sorghum Grain Worth the Hunt; Yeast, Baking Powder & Soda Worth the Hunt; Barley Worth the Hunt; Buckwheat & Kasha Worth the Hunt; Bulgur & Cracked Wheat Worth the Hunt; Cassava & Tapioca Flour Worth the Hunt; Chia & Flax Seeds Worth the Hunt; Chickpea & Gram Flour Worth the Hunt; Egg Substitutes & Liquid Egg Worth the Hunt; Farro & Emmer Worth the Hunt; Millet Worth the Hunt; Oats & Hot Cereal Worth the Hunt; Tipo 00 Pizza Flour Worth the Hunt; Rye Flour Worth the Hunt; Shredded & Flaked Coconut Worth the Hunt; Spelt & Einkorn Flour Worth the Hunt",https://www.bobsredmill.com/
Bobo's,Loveland,Colorado,Energy & Snack Bars Worth the Hunt,https://eatbobos.com/
Boichik Bagels,Berkeley,California,5 Real Bagel Shops That Ship,https://boichikbagels.com/
Bomba di Calabria (Italian Harvest),,,Calabrian Chili Worth the Hunt,https://italianharvest.com/products/bomba-calabria-hot-pepper-paste-bulk
Bona Furtuna,,,5 Artisan Pasta Makers Worth the Hunt,https://bonafurtuna.com/
Bone Suckin' Sauce,Raleigh,North Carolina,5 Regional BBQ Sauce Makers Worth the Hunt; Steak & Brown Sauce Worth the Hunt,https://bonesuckin.com/
Bonnie Plants,,,Fresh Herbs Worth the Hunt,https://bonnieplants.com/collections/ready-to-ship-herbs
Boon Sauce,Los Angeles,California,5 Small-Batch Chili Crisps Worth the Hunt,https://www.boonsauce.com/
BOStempeh,Somersworth,New Hampshire,5 Craft Tofu & Tempeh Makers Worth the Hunt,https://www.bostempeh.com/
Boston Smoked Fish Co.,Boston,Massachusetts,Kosher Smoked Fish & Seafood Worth the Hunt,https://bostonsmokedfish.com/
Botanical Interests,Broomfield,Colorado,5 Heirloom Seed Companies Worth the Hunt,https://www.botanicalinterests.com/
Botticelli,,,Alfredo & Cream Sauce Worth the Hunt,https://botticellifoods.com/products/alfredo
Bourbon Barrel Foods,Louisville,Kentucky,Tamari & Aged Soy Worth the Hunt; Worcestershire & Steak Sauce Worth the Hunt,https://bourbonbarrelfoods.com/products/bluegrass-soy-sauce
Bourbon Barrel Foods — Bluegrass Soy Sauce,Louisville,Kentucky,Best Soy Sauce & Tamari Worth the Hunt,https://bourbonbarrelfoods.com
Boxed Halal,Chicago,Illinois,Halal Beef Bacon & Breakfast Meats Worth the Hunt; Halal Jerky & Snacks Worth the Hunt; Halal Broth & Prepared Worth the Hunt; Halal Wagyu & Premium Steak Worth the Hunt,https://boxedhalal.com/
Boyajian,,,Best Toasted Sesame Oil Worth the Hunt,https://boyajianinc.com
Branon Family Maple Orchards,Fairfield,Vermont,5 Real Maple Syrup Producers Worth the Hunt,https://branonmaple.com/
Braswell's,Statesboro,Georgia,Melons Worth the Hunt; Relish & Chow-Chow Worth the Hunt,https://www.braswells.com/product/Watermelon-Rind
Bravado Spice,Houston,Texas,5 Craft Hot Sauces Worth the Hunt,https://bravadospice.com/
Bread Artist,Venice,Florida,5 Artisan Bread Bakers That Ship,https://breadartist.com/
Bread SRSLY,San Francisco,California,5 Artisan Bread Bakers That Ship,https://breadsrsly.com/
Breads Bakery,New York,New York,Babka & Enriched Bread Worth the Hunt,https://www.breadsbakery.com/
Breadtopia,Fairfield,Iowa,Baking Yeast & Sourdough Worth the Hunt,https://breadtopia.com/store/sourdough-starter-live/
Bremner Farms,Chico,California,Best Almonds Worth the Hunt,https://organicalmondsraw.com/
Brightland,,,5 Single-Estate Olive Oils Worth the Hunt,https://brightland.co/
British Essentials,,,Ploughman's & Brown Pickle Worth the Hunt,https://us.britishessentials.com/collections/branston
British Food Supplies,,,Ploughman's & Brown Pickle Worth the Hunt; Digestives & Tea Biscuits Worth the Hunt,https://www.britishfoodsupplies.com/products/branston-original-pickle-360g
Brittle-Brittle,Duncanville,Texas,Brittle & Nut Confections Worth the Hunt; 5 Small-Batch Candy Makers Worth the Hunt; Nut Clusters & Brittle Bites Worth the Hunt,https://brittle-brittle.com/
Broken Arrow Ranch,Ingram,Texas,Venison & Game Worth the Hunt,https://brokenarrowranch.com/
Brookford Farm,Canterbury,New Hampshire,Cottage Cheese Worth the Hunt,https://brookfordfarm.com/
Brooklyn Brewed Sorrel,Brooklyn,New York,Sorrel & Caribbean Drinks Worth the Hunt,https://brooklynbrewedsorrel.com/
Brooklyn Brine,Brooklyn,New York,Pickled Vegetable Medleys Worth the Hunt,https://brooklynbrine.com/
Brooklyn Delhi,Brooklyn,New York,Curry & Simmer Sauces Worth the Hunt; Indian Cooking Sauce Worth the Hunt,https://brooklyndelhi.com/
Brothers All Natural,,,Fruit Chips & Crisps Worth the Hunt,https://brothersallnatural.com/
BrothMasters,,,5 Small-Maker Bone Broth Makers Worth the Hunt,https://brothmasters.com/
Browne Trading Company,Portland,Maine,Katsuobushi & Bonito Worth the Hunt,https://brownetrading.com/
Bruce Cost Ginger Ale,Brooklyn,New York,5 Craft Sodas & Mixers Worth the Hunt; Ginger Beer & Botanical Soda Worth the Hunt,https://brucecostgingerale.com/
Brundo Spice Company,Oakland,California,Berbere Worth the Hunt,https://www.brundo.com/products/berbere-hot-chili-pepper-blend
Bueno Foods,Albuquerque,New Mexico,Enchilada & Red Chile Sauce Worth the Hunt,https://www.buenofoods.com
BUF Creamery,,,Fresh Mozzarella Worth the Hunt,https://www.bufcreamery.com/
Buff Bake,,,Protein Cookies & Bites Worth the Hunt,https://buffbake.com/
Bulls Bay Saltworks,McClellanville,South Carolina,5 Finishing Salt Makers Worth the Hunt,https://www.bullsbaysaltworks.com/
Bulls I Halal,Fremont,California,Halal Wagyu & Premium Steak Worth the Hunt,https://bulls-i-halal.com/
Bungkus Bagus,Los Angeles,California,Sambal & Indonesian Chili Paste Worth the Hunt,https://bungkusbagusla.com/products/sambal-goreng
Buon'Italia,New York,New York,Mostarda & Fruit Condiments Worth the Hunt,https://buonitalia.com/product/fruit-mostarda-8-45-oz/
Burlap & Barrel,New York,New York,"Black Pepper & Peppercorns Worth the Hunt; Cardamom Worth the Hunt; Pimento & Allspice Worth the Hunt; Chili Powder & Taco Seasoning Worth the Hunt; Cinnamon Worth the Hunt; Coriander & Fennel Seed Worth the Hunt; Cumin Worth the Hunt; Curry Powder & Masala Worth the Hunt; Dukkah Worth the Hunt; Everything & All-Purpose Seasoning Worth the Hunt; Garam Masala Worth the Hunt; Ginger Worth the Hunt; Kosher Coffee, Spice & Pantry Specialty Worth the Hunt; Nutmeg, Cloves & Warm Spice Worth the Hunt; The Glass Case — 5 Certified-Organic Makers; Pomegranate Molasses Worth the Hunt; Saffron Worth the Hunt; 5 Single-Origin Spice Companies Worth the Hunt; Turmeric Worth the Hunt; Unrefined Sugar Worth the Hunt; Za'atar Worth the Hunt",https://www.burlapandbarrel.com/
Burrito Kitchens,,,Frozen Breakfast Worth the Hunt,https://burritokitchens.com/
Bushwick Kitchen,Brooklyn,New York,Sriracha & Asian Chili Sauce Worth the Hunt,https://www.bushwickkitchen.com/
Cabot Clothbound (Cellars at Jasper Hill),,,Aged & Cave-Aged Cheddar Worth the Hunt,https://www.jasperhillfarm.com/clothbound
Cabot Creamery,,,Halal Cheese & Dairy Worth the Hunt,https://cabotcreamery.com/
Café Du Monde,New Orleans,Louisiana,Chicory & Coffee Alternatives Worth the Hunt,https://shop.cafedumonde.com/
Cahnoa Foods,Boca Raton,Florida,Dulce de Leche Worth the Hunt,https://cahnoa.com/
Cajunland,New Orleans,Louisiana,Cajun & Creole Seasoning Worth the Hunt,https://cajunland.com/
Calabro Cheese,East Haven,Connecticut,Best Ricotta Worth the Hunt,https://calabrocheese.com
California Avocados Direct,Escondido,California,Avocados Worth the Hunt,https://californiaavocadosdirect.com/
Callie's Hot Little Biscuit,Charleston,South Carolina,Biscuit & Scone Dough Worth the Hunt; Pimento Cheese & Spreads Worth the Hunt,https://calliesbiscuits.com/
Callie's Sweets,Two Harbors,Minnesota,Fudge Worth the Hunt,https://calliessweets.com/
Calypso,Milwaukee,Wisconsin,Lemonade & Limeade Worth the Hunt,https://drinkcalypso.com/
Camas Country Mill,Junction City,Oregon,Barley Worth the Hunt; Teff Worth the Hunt,https://www.camascountrymill.com/
Capay Hills Orchard,Capay Valley,California,Best Almonds Worth the Hunt,https://www.chorganicalmonds.com/
Cape Porpoise Lobster Co.,Kennebunkport,Maine,Lobster Worth the Hunt; Scallops Worth the Hunt,https://www.capeporpoiselobster.com
Capriole Goat Cheese,Greenville,Indiana,Goat Cheese Worth the Hunt,https://www.capriolegoatcheese.com/
Caputo Brothers Creamery,Spring Grove,Pennsylvania,Burrata & Fresh Mozzarella Worth the Hunt; Fresh Mozzarella Worth the Hunt,https://caputobrotherscreamery.com/
Caribbean Eat,,,Ackee Worth the Hunt; Callaloo & Caribbean Greens Worth the Hunt; Salt Cod & Saltfish Worth the Hunt,https://caribbeaneat.com/
Caribbean Hibiscus Inc.,,,Sorrel & Caribbean Drinks Worth the Hunt,https://drinkcaribbeanhibiscus.com/
Caribshopper,,,Browning & Cooking Caramel Worth the Hunt,https://caribshopper.com/
Carlson Orchards,Harvard,Massachusetts,Fresh Apple Cider Worth the Hunt,https://carlsonorchards.com/shop/
Carman Brook Farm,Franklin County,Vermont,5 Real Maple Syrup Producers Worth the Hunt,https://www.cbmaplefarm.com/
Carolina Grits Company,Nash County,North Carolina,Grits & Polenta Worth the Hunt,https://carolinagrits.com/
Caroline's Cakes,Spartanburg,South Carolina,Layer Cake & Bundt Worth the Hunt,https://carolinescakes.com/
Casa M Spice Co,Lewisville,Texas,Sazón & Adobo Worth the Hunt,https://casamspice.com/
Casablanca Market,,,Preserved Lemon Worth the Hunt,https://www.casablancamarket.com/products/moroccan-preserved-lemons-tc0012
Casamara Club,Detroit,Michigan,5 Craft Sodas & Mixers Worth the Hunt,https://www.casamaraclub.com/
Cascadia Mushrooms,Bellingham,Washington,Mushroom Grow Kits Worth the Hunt,https://cascadiamushrooms.com/
Casey Morgan's (Longleaf Ridge Farms),,,Sweet Corn Worth the Hunt,https://caseymorgans.com/
Castronovo Chocolate,Stuart,Florida,5 Craft Drinking Chocolate Makers Worth the Hunt,https://castronovochocolate.com/
CB's Nuts,Kingston,Washington,Peanut Butter Worth the Hunt,https://www.cbsnuts.com/peanut-butter
Centerville Pie Company,Centerville,Massachusetts,Frozen Pot Pies Worth the Hunt,https://www.centervillepies.com/
Cento,,,Canned Tomatoes Worth the Hunt; Tomato Paste & Passata Worth the Hunt,https://shop.cento.com/products/cento-certified-san-marzano-tomatoes-28-oz
Central Milling,Logan,Utah,5 Craft Flour Mills Worth the Hunt; Tipo 00 Pizza Flour Worth the Hunt; Rye Flour Worth the Hunt; Semolina & Durum Flour Worth the Hunt,https://centralmilling.com/store/
Century Sun Oil,Pulaski,Wisconsin,Cooking Oil Worth the Hunt,https://www.centurysunoil.com/
Cha's Organics,,,Thai Curry Paste Worth the Hunt,https://chasorganics.com/products/thai-red-curry
Charcutnuvo,,,Hot Dogs & Franks Worth the Hunt,https://charcutnuvo.com/products/organic-paleo-grass-fed-uncured-all-beef-franks
Charleston Coffee Roasters,Charleston,South Carolina,Decaf Coffee Worth the Hunt,https://www.charlestoncoffeeroasters.com/
Charlito's Cocina,Astoria,New York,5 Small-Batch Charcuterie Makers Worth the Hunt,https://charlitoscocina.com/
Cheerie Lane,,,5 Small-Batch Popcorn Makers Worth the Hunt,https://cheerielanepopcorn.com/
Cheese Brothers,Almena,Wisconsin,Cheese Spreads & Fondue Worth the Hunt,https://www.cheesebros.com/
Chef Paul Prudhomme's Magic Seasoning Blends,New Orleans,Louisiana,"Halal Seasonings, Sauces & Condiments Worth the Hunt",https://www.magicseasoningblends.com/
ChefShop.com,,,Dashi Worth the Hunt,https://chefshop.com/products/bonito-flakes-katsuobushi
Chelan Ranch,Lake Chelan,Washington,Apples Worth the Hunt; Berries Worth the Hunt; Frozen Fruit Worth the Hunt,https://chelanranch.com/
Cheri's Desert Harvest,Tucson,Arizona,Agave & Cactus Syrup Worth the Hunt,https://cherisdesertharvest.com/
Cherry Valley Organics,,,Edible Flowers Worth the Hunt,https://cherryvalleyorganics.com/collections/edible-fresh-flowers
Cherrystone Aqua-Farms,Cape Charles,Virginia,Clams Worth the Hunt,https://clamandoyster.com
Chicago Johnny's,Chicago,Illinois,Giardiniera & Pickled Mix Worth the Hunt,https://chicagojohnnys.com/
Chifles,Tampa,Florida,Plantain & Cassava Chips Worth the Hunt,https://chifleschips.com/
Chile Monster,,,Fresh Peppers Worth the Hunt,https://www.chilemonster.com/
Chocolove,Boulder,Colorado,Kosher Chocolate Bars Worth the Hunt,https://www.chocolove.com/
Chomps,,,Meat Sticks & Snack Sticks Worth the Hunt,https://chomps.com/
Chosen Foods,San Diego,California,Ranch & Buttermilk Dressing Worth the Hunt,https://www.chosenfoods.com/
Chutzpah Coffee Co.,,,Kosher Coffee Roasters Worth the Hunt,https://chutzpahcoffeeco.com/
Circle of Drink,,,Yerba Mate Worth the Hunt,https://circleofdrink.com/
Clean Eatz Kitchen,,,Frozen Prepared Meals Worth the Hunt,https://www.cleaneatzkitchen.com/
Clementine's Naughty & Nice,St. Louis,Missouri,5 Small-Batch Ice Cream Makers That Ship,https://www.clementinescreamery.com/
Cleveland Ketchup Co.,,,Ketchup Worth the Hunt; Mayonnaise Worth the Hunt,https://clevelandketchup.com/
Cleveland Kitchen,Cleveland,Ohio,Live Fermented Vegetables Worth the Hunt; Pickled Onions & Beets Worth the Hunt,https://www.clevelandkitchen.com/
Cleveland Kitchen (Beet Red Kraut),Cleveland,Ohio,Root Vegetables Worth the Hunt,https://www.clevelandkitchen.com/
Cocktail & Sons,New Orleans,Louisiana,Cocktail Mixers & Syrups Worth the Hunt,https://www.cocktailandsons.com/
CocoGoods Co.,,,Coconut Water Worth the Hunt,https://cocogoodsco.com/products/organic-coconut-water-33-8
Coconut Secret,,,Shredded & Flaked Coconut Worth the Hunt,https://coconutsecret.com/
Coffee Bros.,New York,New York,5 Small-Roaster Coffees Worth the Hunt,https://coffeebros.com/
Col. Bill Newsom's Aged Kentucky Country Ham,Princeton,Kentucky,Country Ham & Cured Whole Muscle Worth the Hunt,https://www.newsomscountryham.com/
Color Garden,,,Natural Food Coloring Worth the Hunt,https://www.amazon.com/Color-Garden-Natural-Colors-Multi/dp/B00LWH9VZA
Colorado Fresh Fruit Co.,Palisade,Colorado,Stone Fruit Worth the Hunt,https://coloradofreshfruit.com/
ColorKitchen,,,Natural Food Coloring Worth the Hunt,https://www.amazon.com/stores/COLORKITCHEN/page/615A5E68-712F-4383-ABEF-E3D8CCD09AF8
Community Coffee,Baton Rouge,Louisiana,Chicory & Coffee Alternatives Worth the Hunt,https://www.communitycoffee.com/
Community Grains,Oakland,California,Semolina & Durum Flour Worth the Hunt,https://shop.communitygrains.com/
Cook Flavoring Company,Tacoma,Washington,"Almond, Mint & Baking Extracts Worth the Hunt",https://cooksvanilla.com/
Cook Flavoring Company (Cook's Vanilla),Paso Robles,California,Vanilla Extract Worth the Hunt,https://cooksvanilla.com/
Cooked Wild Spanish Octopus Tentacles,New York,New York,5 Real Places to Buy Octopus Online,https://fultonfishmarket.com/products/frozen-cooked-octopus-tentacles
Cool Runnings Foods,,,Pimento & Allspice Worth the Hunt,https://coolrunningsfoods.com/
Coop's MicroCreamery,Boston,Massachusetts,Whipped Cream & Toppings Worth the Hunt,https://www.enjoycoops.com/
Copper River Seafoods,Cordova,Alaska,Wild Salmon Worth the Hunt,https://www.copperriverseafoods.com/
Copra Coconuts,,,Coconut Water Worth the Hunt,https://copracoconuts.com/products/coconut-water
Cortez Conservas,,,Bottarga & Cured Roe Worth the Hunt,https://www.cortezconservas.com/
Counter Culture Coffee,Durham,North Carolina,Espresso Roasts Worth the Hunt; Single-Origin & Micro-Lot Coffee Worth the Hunt,https://counterculturecoffee.com/
Covenant Wines,Berkeley,California,Kosher Wine Worth the Hunt,https://covenantwines.com/
Cowgirl Creamery,Point Reyes,California,5 Artisan Cheeses Worth the Hunt,https://cowgirlcreamery.com/
Craic Sauce,Lowell,Massachusetts,Fermented Hot Sauce Worth the Hunt,https://craicsauce.com/
Crain of California,Los Molinos,California,Halal Walnuts & Nuts Worth the Hunt,https://crainofcalifornia.com/
Crave Brothers Farmstead Cheese,Waterloo,Wisconsin,Mascarpone & Creme Fraiche Worth the Hunt,https://www.cravecheese.com/
Crazy Korean Cooking,,,Gochugaru & Korean Chili Flake Worth the Hunt,https://shop.crazykoreancooking.com/collections/gochugaru
Crescent Foods,Chicago,Illinois,Halal Chicken & Poultry Worth the Hunt; Halal Broth & Prepared Worth the Hunt,https://shopcrescentfoods.com/
Crispy Green,Fairfield,New Jersey,Fruit Chips & Crisps Worth the Hunt,https://crispygreen.com/
Crockett Farms,,,Pears Worth the Hunt,https://www.crockettfarms.com/
Crooked Face Creamery,Skowhegan,Maine,Best Ricotta Worth the Hunt,https://crookedfacecreamery.com
Crossbuck BBQ,Dallas,Texas,5 Regional BBQ Sauce Makers Worth the Hunt,https://www.crossbuckbbq.com/
Crown Maple,Dover Plains,New York,Kosher Maple Syrup Worth the Hunt; Unrefined Sugar Worth the Hunt,https://crownmaple.store/
Cruze Farm,Knoxville,Tennessee,Buttermilk & Cultured Milk Worth the Hunt,https://www.cruzefarm.com/
Cucina & Amore,,,Pesto Worth the Hunt,https://www.cucinaandamore.com/collections/pesto
Cult Crackers,Berkeley,California,5 Artisan Cracker Makers Worth the Hunt; Seed Crackers & Crisps Worth the Hunt,https://www.cultcrackers.com/
Cultured Kindness,Portland,Oregon,The Glass Case — 5 Plant-Only Makers,https://www.culturedkindness.com/
Cunningham Pastured Meats,Jordan Valley,Oregon,Lamb Worth the Hunt,https://cunninghampasturedmeats.com/
Curio Spice Co.,Cambridge,Massachusetts,Onions & Shallots Worth the Hunt; 5 Single-Origin Spice Companies Worth the Hunt,https://curiospice.com/products/onion-powder
Curio Spice Company,Cambridge,Massachusetts,"Black Pepper & Peppercorns Worth the Hunt; Cardamom Worth the Hunt; Cinnamon Worth the Hunt; Nutmeg, Cloves & Warm Spice Worth the Hunt",https://curiospice.com/
Curious Elixirs,Hudson Valley,New York,5 Craft Sodas & Mixers Worth the Hunt,https://curiouselixirs.com/
Cutimart,Garden Grove,California,"Rice Paper & Spring Roll Wrappers Worth the Hunt; Vietnamese Noodles (Bun, Banh Pho) Worth the Hunt",https://cutimart.com/
d:matcha,,,5 Ceremonial Matcha Sources Worth the Hunt,https://dmatcha.com/
D'Artagnan,Newark,New Jersey,"Duck Confit & Prepared Duck Worth the Hunt; Duck & Game Birds Worth the Hunt; Gravy & Demi-Glace Worth the Hunt; Pate & Mousse Worth the Hunt; Rillettes & Potted Meat Worth the Hunt; Tallow, Duck Fat & Cooking Fats Worth the Hunt; Veal Worth the Hunt; Venison & Game Worth the Hunt",https://www.dartagnan.com/duck-leg-confit/product/PENDC007-1.html
D'vash Organics,,,Date Syrup & Silan Worth the Hunt,https://www.dvashorganics.com/
Da Rosario,New York,New York,Truffle Oil Worth the Hunt; Truffle Paste & Sauce Worth the Hunt,https://darosario.com/products/da-rosario-100-organic-white-truffle-oil-8oz-ea-1
Dakota Style,Clark,South Dakota,Sunflower Seeds Worth the Hunt,https://dakotastyle.com/
Dam Good English Muffins,Peekskill,New York,English Muffins & Crumpets Worth the Hunt,https://www.damgoodenglishmuffins.com/
Damascus Bakery,Brooklyn,New York,Pita & Flatbread Worth the Hunt,https://damascusbakery.com/
Dandelion Chocolate,San Francisco,California,5 Bean-to-Bar Chocolate Makers Worth the Hunt,https://www.dandelionchocolate.com/
Darwin's Natural Pet Products,,,Fresh & Raw Dog Food Worth the Hunt,https://www.darwinspet.com/
Daybreak Seaweed Co,,,Furikake Worth the Hunt,https://daybreakseaweed.com/products/ume-shiso-furikake
De La Calle,,,Aguas Frescas Worth the Hunt,https://www.delacalle.mx/
De La Vega Tortillas,,,Tortillas Worth the Hunt,https://www.dlvtortillas.com/
Decas Farms,,,Fresh Cranberries Worth the Hunt,https://www.decasfarms.com/
Deen Halal,Souderton,Pennsylvania,Halal Beef Bacon & Breakfast Meats Worth the Hunt,https://deen-halal.com/
Del Campo Tortillas,Lakewood,New Jersey,"Kosher Chips, Pretzels & Crackers Worth the Hunt",http://www.delcampotortillas.com
DeLallo,Jeannette,Pennsylvania,Alfredo & Cream Sauce Worth the Hunt; Giardiniera & Pickled Mix Worth the Hunt; Grape Leaves & Dolma Worth the Hunt; Orzo & Mediterranean Pasta Worth the Hunt; Pepperoncini & Pickled Peppers Worth the Hunt; Pesto Worth the Hunt; Tomato Paste & Passata Worth the Hunt; Vodka & Pink Sauce Worth the Hunt,https://www.delallo.com/alfredo-sauce/
Delicious Orchards,Colts Neck,New Jersey,Sweet Corn Worth the Hunt,https://www.deliciousorchardsnj.com/product/new-jersey-sweet-corn/
Della Terra Pasta,Oklahoma City,Oklahoma,5 Artisan Pasta Makers Worth the Hunt,https://dellaterrapasta.com/
DelSur,Minnetonka,Minnesota,Empanada & Hand-Pie Discs Worth the Hunt,https://www.delsurnatural.com/product/empanada-dough/6
Desert Sun Dates,Sky Valley,California,Dates Worth the Hunt,https://desertsundates.com/
DeVine Wine Jelly,Bowie,Maryland,Wine & Spirit Jelly Worth the Hunt,https://devinewinejelly.com/
Di Martino,,,Orzo & Mediterranean Pasta Worth the Hunt,https://pastadimartino.com/
Diaspora Co,Oakland,California,Chai & Concentrate Worth the Hunt,https://www.diasporaco.com/
Diaspora Co.,,,Black Pepper & Peppercorns Worth the Hunt; Cardamom Worth the Hunt; Cumin Worth the Hunt; Garam Masala Worth the Hunt; Ginger Worth the Hunt; 5 Single-Origin Spice Companies Worth the Hunt; Turmeric Worth the Hunt,https://www.diasporaco.com/
Dick Taylor Craft Chocolate,Eureka,California,5 Bean-to-Bar Chocolate Makers Worth the Hunt,https://dicktaylorchocolate.com/
Dickinson Family Farms,Fallbrook,California,Avocado Oil Worth the Hunt,https://www.dickinsonfamilyfarms.com/
Directo de Oaxaca,,,Mole Paste Worth the Hunt,https://directodeoaxacaproducts.com/products/mole-negro-from-oaxaca-black-mole-paste-by-de-oaxaca
Divina,,,Artichoke Hearts & Marinated Veg Worth the Hunt; Grape Leaves & Dolma Worth the Hunt; Table Olives Worth the Hunt; Roasted & Marinated Peppers Worth the Hunt; Sun-Dried Tomatoes Worth the Hunt; Tapenade & Olive Spread Worth the Hunt,https://divinamarket.com/
Doan's Bakery,Woodland Hills,California,Layer Cake & Bundt Worth the Hunt,https://www.doansbakery.com/
Dolci Gelati,Silver Spring,Maryland,Gelato Worth the Hunt,https://dolcigelati.net/
Don Bocarte,,,Tinned Anchovies Worth the Hunt,https://despanabrandfoods.com/products/don-bocarte-anchovies
Don Froylan Creamery,Salem,Oregon,Best Mexican Cheese Worth the Hunt,https://donfroylancreamery.com/
Donostia Foods,,,5 Tinned Fish Brands Worth the Hunt,https://www.donostiafoods.com/
Dough Doughnuts,New York,New York,Donuts Worth the Hunt,https://www.doughdoughnuts.com/
Doughp,San Francisco,California,Edible & Bake Cookie Dough Worth the Hunt; 5 Cookie Bakeries Worth the Hunt,https://www.doughp.com/
Douglass Candies,Ocean City,New Jersey,Fudge Worth the Hunt,https://douglasscandies.com/
Doux South,Atlanta,Georgia,5 Artisan Mustard Makers Worth the Hunt,https://douxsouth.com/
Downeast Dayboat,Gouldsboro Bay,Maine,Scallops Worth the Hunt,https://downeastdayboat.com
Dr. Bronner's,,,Coconut Oil Worth the Hunt,https://www.drbronner.com/collections/coconut-oil
Dram Apothecary,Salida,Colorado,Cocktail Bitters Worth the Hunt,https://www.dramapothecary.com/
Dresden Stollen Bakers,,,Lebkuchen & Stollen Worth the Hunt,https://www.dresdenstollen.com/
Drifters Fish,Cordova,Alaska,Wild Salmon Worth the Hunt,https://driftersfish.com/
Drizzle Honey,,,5 Small-Batch Hot Honeys Worth the Hunt,https://www.drizzlehoney.com/
Dubia.com,,,Live Feeder Insects Worth the Hunt,https://dubiaroaches.com/
Duclos Farms,,,Avocados Worth the Hunt,https://californialovecadosdirect.com/
Duffeyroll Cafe,Denver,Colorado,Cinnamon Rolls & Sweet Buns Worth the Hunt,https://duffeyrolls.com/
Dufour Pastry Kitchens,Bronx,New York,Puff Pastry Worth the Hunt; Tart & Pastry Shells Worth the Hunt,https://dufourpastrykitchens.com/
Dumpling Daughter,Weston,Massachusetts,Frozen Dumplings & Potstickers Worth the Hunt,https://dumplingdaughter.com/
Durden Pecan,,,Fresh Pecans Worth the Hunt,https://durdenpecan.com/
Dutch Meadows Farm,Paradise,Pennsylvania,Small Dairies Worth the Hunt,https://dutchmeadowsfarm.com/how-home-delivery-works
Dutchman's Store,Cantril,Iowa,Peanut Butter Worth the Hunt,https://www.dutchmansstore.com/
East Hill Honey Co.,,,5 Raw Honey Makers Worth the Hunt,https://easthillhoney.com/
Eastern Standard Provisions,Canton,Massachusetts,5 Artisan Pretzel Makers Worth the Hunt,https://esprovisions.com/
Eataly,,,Mostarda & Fruit Condiments Worth the Hunt,https://www.eataly.com/us_en/luccini-classic-cremona-mostarda-8-5-oz
Éclat Chocolate,West Chester,Pennsylvania,Chocolate Truffles Worth the Hunt,https://eclatchocolate.com/
Eco-Cha,,,5 Independent Tea Companies Worth the Hunt,https://eco-cha.com/
EcoTeas,Ashland,Oregon,Yerba Mate Worth the Hunt,https://yerbamate.com/
eCreamery,Omaha,Nebraska,Gelato Worth the Hunt,https://ecreamery.com/
Eden Foods,Clinton,Michigan,Apple & Fruit Butter Worth the Hunt; Canned & Jarred Beans Worth the Hunt; Mirin Worth the Hunt; Best Soy Sauce & Tamari Worth the Hunt; Tamari & Aged Soy Worth the Hunt; Umeboshi & Pickled Plum Worth the Hunt,https://www.edenfoods.com/
Edenesque,,,Barista Oat & Nut Milk Worth the Hunt,https://www.edenesque.com/products/barista-blend-oat-milk
Edward & Sons,,,Rice Crackers & Crisps Worth the Hunt,https://store.edwardandsons.com/collections/crackers
Edwards Virginia Smokehouse,Surry,Virginia,Country Ham & Cured Whole Muscle Worth the Hunt,https://www.edwardsvaham.com/
Effie's Homemade,Boston,Massachusetts,5 Artisan Cracker Makers Worth the Hunt,https://effieshomemade.com/
El Guapo,New Orleans,Louisiana,Tonic & Craft Mixers Worth the Hunt,https://elguapobitters.com/
El Guapo Bitters,New Orleans,Louisiana,Cocktail Bitters Worth the Hunt,https://elguapobitters.com/
Ellora Farms,,,5 Single-Estate Olive Oils Worth the Hunt,https://www.ellorafarms.com/
Ellsworth Cooperative Creamery,Ellsworth,Wisconsin,Cheese Curds Worth the Hunt,https://www.ellsworthcheese.com/
Elmhurst 1925,,,Plant Milk Worth the Hunt,https://elmhurst1925.com/
Elmwood Stock Farm,,,Heritage Turkey Worth the Hunt,https://elmwoodstockfarm.com/turkeys/
Emilia Food Love,,,Parmesan Worth the Hunt,https://us.emiliafood.love/collections/parmigiano-reggiano-dop
Emma's Empanadas,Miami,Florida,Empanada & Hand-Pie Discs Worth the Hunt; Frozen Appetizers & Snacks Worth the Hunt,https://emmasempanadas.com/products/frozen-empanadas
Encha,,,5 Ceremonial Matcha Sources Worth the Hunt,https://encha.com/
Ener-G Foods,Seattle,Washington,Egg Substitutes & Liquid Egg Worth the Hunt,https://www.ener-g.com/
Enerem African Foods,,,Egusi Worth the Hunt,https://eneremafricanfoods.com/
Enstrom Candies,Grand Junction,Colorado,Caramels & Toffee Worth the Hunt,https://www.enstrom.com/
Entube,Los Angeles,California,Harissa Worth the Hunt,https://www.entube.la/
Equal Exchange,West Bridgewater,Massachusetts,Cashews Worth the Hunt,https://shop.equalexchange.coop/
Erie Bone Broth,Cleveland,Ohio,5 Small-Maker Bone Broth Makers Worth the Hunt,https://eriebonebroth.com/?rfsn=9202227.d1118b
ERTH Beverage Company,,,Switchel & Drinking Vinegar Tonics Worth the Hunt,https://erthbeveragecompany.com/collections/switchels
Ethiopian Spices (ethiopianspices.com),,,Berbere Worth the Hunt,https://ethiopianspices.com/
Ezzo Sausage Co.,Columbus,Ohio,Pepperoni Worth the Hunt,https://www.ezzosausage.com/
Fabrique Delices,Hayward,California,Duck Confit & Prepared Duck Worth the Hunt; Pate & Mousse Worth the Hunt; Rillettes & Potted Meat Worth the Hunt,https://shop.fabriquedelices.com/
Fancy Sprinkles,,,Sprinkles & Decorating Worth the Hunt,https://www.fancysprinkles.com/
Far West Fungi,,,Dried Mushrooms Worth the Hunt; Mushroom Grow Kits Worth the Hunt; 5 Specialty Mushroom Sources Worth the Hunt,https://farwestfungi.com/
Farm Fresh To You (Capay Organic),,,Farm Box Worth the Hunt,https://www.farmfreshtoyou.com/product/detail/5
Farm to People,,,Farm Box Worth the Hunt,https://farmtopeople.com/shop/produce
FarmerDave,,,Best Chinchilla Food Worth the Hunt; Best Guinea Pig Food Worth the Hunt,https://www.farmerdavepetsupply.com/20-lb-timothy-hay-pellets
Farmers Chile Market,Albuquerque,New Mexico,Fresh Peppers Worth the Hunt,https://www.farmerschilemarket.com/
Farmfluence,Santa Barbara County,California,Carrots Worth the Hunt,https://farmfluence.co/products/regenerative-carrots
Farmhouse Culture,,,Sauerkraut Worth the Hunt,https://farmhouseculture.com/
Fastachi,Watertown,Massachusetts,Cashews Worth the Hunt; Trail Mix Worth the Hunt,https://fastachi.com/
Fat Gold,Capay Valley,California,5 Single-Estate Olive Oils Worth the Hunt,https://fat.gold/
Fatima Zabiha Foods,Addison,Illinois,Halal Deli & Charcuterie Worth the Hunt,https://www.fatimabrand.com/
Fatworks,,,"Best Leaf Lard & Manteca Worth the Hunt; Tallow, Duck Fat & Cooking Fats Worth the Hunt",https://fatworks.com/
Federal Donuts,Philadelphia,Pennsylvania,Donuts Worth the Hunt,https://www.federaldonuts.com/
Fentimans,,,Ginger Beer & Botanical Soda Worth the Hunt,https://www.fentimans.com/
Ferguson Farms,,,Chicken Worth the Hunt,https://fergusonfarms.farm/
Fever-Tree,,,Tonic & Craft Mixers Worth the Hunt,https://fever-tree.com/en-us/
Fiddyment Farms,Lincoln,California,Pistachios Worth the Hunt,https://www.fiddymentfarms.com/
Fierce Fruit,,,Berries Worth the Hunt,https://fiercefruit.com/
Fila Manila,,,"Banana Ketchup Worth the Hunt; Adobo, Sinigang & Sauce Mixes Worth the Hunt; Ube & Purple Yam Worth the Hunt",https://filamanila.com/
Filaree Farm,,,Dried & Seed Potatoes Worth the Hunt,https://filareefarm.com/seed-potatoes-organic/
Filaree Garlic Farm,Okanogan,Washington,Garlic Worth the Hunt,https://filareefarm.com/
Fillo's,,,Canned & Jarred Beans Worth the Hunt,https://eatfillos.com/
FilStop,Jersey City,New Jersey,Banana Ketchup Worth the Hunt; Patis & Bagoong (Fish Sauce & Shrimp Paste) Worth the Hunt,https://www.filstop.com/
Fire Dept. Meals,,,Frozen Prepared Meals Worth the Hunt,https://firedeptmeals.com/
Firefly Kitchens,Seattle,Washington,Curtido & Latin Slaws Worth the Hunt; Pickled Onions & Beets Worth the Hunt,https://www.fireflykitchens.com/
Firepot Nomadic Teas,St. Louis,Missouri,Chai & Concentrate Worth the Hunt; Herbal & Wellness Tea Worth the Hunt,https://www.firepot.com/
Fiscalini Cheese,Modesto,California,Clothbound & Cave-Aged Worth the Hunt,https://fiscalinifarmstead.com/
Fiscalini Farmstead,Modesto,California,Aged & Cave-Aged Cheddar Worth the Hunt,https://fiscalinifarmstead.com/
Fischer & Wieser,Fredericksburg,Texas,Ketchup Worth the Hunt,https://fwfarmstead.com/
Fischer & Wieser / F&W Farmstead,Fredericksburg,Texas,Pepper Jelly & Hot Jam Worth the Hunt,https://fwfarmstead.com/
Fischer Bros. & Leslie,New York,New York,Kosher Prepared & Deli Meals Worth the Hunt,https://www.fischerbros.com/
FishEx Seafoods,Anchorage,Alaska,Crab Worth the Hunt,https://fishex.com
Fishwife,Los Angeles,California,5 Smoked Fish Makers Worth the Hunt; 5 Tinned Fish Brands Worth the Hunt,https://eatfishwife.com/
Fix Hot Sauce,Seattle,Washington,Sriracha & Asian Chili Sauce Worth the Hunt,https://fixhotsauce.com/products/fix-signature-sriracha
Flackers,Minneapolis,Minnesota,Seed Crackers & Crisps Worth the Hunt,https://flackers.com/
Floating Leaves Tea,Seattle,Washington,Oolong Tea Worth the Hunt,https://floatingleaves.com/
Fluker's,,,Best Hermit Crab Food Worth the Hunt,https://flukerfarms.com/
Fly By Jing,,,Chinese Five-Spice & Asian Blends Worth the Hunt; Stir-Fry & All-Purpose Sauces Worth the Hunt,https://flybyjing.com/
Flying Disc Ranch,Thermal,California,Dates Worth the Hunt,https://flyingdiscranch.com/
FOND Bone Broth,,,5 Small-Maker Bone Broth Makers Worth the Hunt,https://fondbonebroth.com/
Food and Ferments,Finger Lakes,New York,5 Small-Batch Ferment Makers Worth the Hunt; Sauerkraut Worth the Hunt,https://www.foodandferments.com/
Food with Roots,,,Pikliz & Haitian Condiments Worth the Hunt,https://thefoodwithroots.com/products/pikliz
Foods Alive,Angola,Indiana,The Glass Case — 5 Plant-Only Makers; Seed Crackers & Crisps Worth the Hunt,https://foodsalive.com/
Foraged,,,Dried Mushrooms Worth the Hunt,https://www.foraged.com/
Force of Nature,Austin,Texas,Ground Meat & Meatball Blends Worth the Hunt; 5 Regenerative Meat Companies Worth the Hunt,https://forceofnature.com/
Forest Origins,,,5 Specialty Mushroom Sources Worth the Hunt,https://forestorigins.com/
Formaggio Kitchen,Cambridge,Massachusetts,Mostarda & Fruit Condiments Worth the Hunt,https://www.formaggiokitchen.com/fieschi-mostarda-di-cremona-mixed-fruit-380g/
Fossil Farms,Boonton,New Jersey,Duck & Game Birds Worth the Hunt; Venison & Game Worth the Hunt,https://www.fossilfarms.com/
Four & Twenty Blackbirds,Brooklyn,New York,Pie Worth the Hunt,https://birdsblack.com/
Four Oaks Farm,Lexington,South Carolina,Chow-Chow & Southern Relish Worth the Hunt; Relish & Chow-Chow Worth the Hunt,https://fouroaksfarm.com/
Fox's U-bet,Brooklyn,New York,Whipped Cream & Toppings Worth the Hunt,https://foxsyrups.com/
Fra' Mani,Berkeley,California,Mortadella & Cooked Charcuterie Worth the Hunt; Pepperoni Worth the Hunt; Saucisson & Dry Salami Worth the Hunt,https://framani.com/products/classic-mortadella
Fran's Chocolates,Seattle,Washington,Caramels & Toffee Worth the Hunt; Chocolate Truffles Worth the Hunt,https://frans.com/
Frank and Sal,Staten Island,New York,Pizza Dough & Crust Worth the Hunt; Salt Cod & Saltfish Worth the Hunt,https://frankandsal.com/products/frank-and-sal-fresh-made-new-york-city-pizza-dough-10-1-and-a-quarter-pound-all-natural-pizza-dough
Frankie & Jo's,Seattle,Washington,Sorbet & Dairy-Free Frozen Worth the Hunt,https://frankieandjos.com/
Freddy Guys,Willamette Valley,Oregon,Hazelnuts & Filberts Worth the Hunt,https://freddyguys.com/
French Broad Chocolate,Asheville,North Carolina,Baking Chocolate Worth the Hunt,https://frenchbroadchocolates.com/
Fresh Meadows Farm,,,Fresh Cranberries Worth the Hunt,https://freshmeadowscranberries.com/
"Fresh Octopus, Direct From the Dock",,,5 Real Places to Buy Octopus Online,https://wulfsfish.com/
Fresh Press Farms,,,Cooking Oil Worth the Hunt,https://freshpressfarms.com/
Friend's Ranches,Ojai,California,Specialty & Heirloom Citrus Worth the Hunt,https://friendsranches.com
Frog Hollow Farm,Brentwood,California,5 Dried Fruit Makers Worth the Hunt; Fig & Cheese-Board Spreads Worth the Hunt; 5 Small-Batch Jam Makers Worth the Hunt; Marmalade Worth the Hunt; The Glass Case — 5 Certified-Organic Makers; Pears Worth the Hunt; Stone Fruit Worth the Hunt; 5 Walnut Growers Worth the Hunt,https://www.froghollow.com/
Fruitations,,,5 Craft Sodas & Mixers Worth the Hunt,https://www.justaddfruitations.com/
Fruition Chocolate Works,Shokan,New York,Baking Chocolate Worth the Hunt; Cocoa & Cacao Powder Worth the Hunt; 5 Craft Drinking Chocolate Makers Worth the Hunt,https://www.fruitionchocolateworks.com/
Fukuraijun (Hakusen Shuzo),,,Mirin Worth the Hunt,https://japanesetaste.com/products/hakusen-shuzo-fukuraijun-hon-mirin-artisanal-sweet-rice-seasoning-500ml
Full Belly Farm,Capay Valley,California,Farm Box Worth the Hunt,https://fullbellyfarm.com/our-csa/
Full Circle Ghee,San Diego,California,Ghee Worth the Hunt,https://www.fullcircleghee.com/
Gabila's Knishes,Copiague,New York,"Kosher Salami, Hot Dogs & Knishes Worth the Hunt",https://www.gabilas.com/
Gables Delight,Miami,Florida,Guava Paste Worth the Hunt,https://www.gablesdelight.com/
Gaeul Hyanggi,,,Doenjang Worth the Hunt,https://gochujar.com/products/gaeul-hyanggi-organic-doenjang-paste
Gardenuity,,,Fresh Herbs Worth the Hunt,https://gardenuity.com/products/the-herb-garden-subscription
Geaux Creole,Mandeville,Louisiana,Cajun & Creole Seasoning Worth the Hunt,https://www.geauxcreole.com/
George Stone Crab,Miami,Florida,Crab Worth the Hunt,https://www.georgestonecrab.com
Georgia Grinders,Atlanta,Georgia,5 Small-Batch Nut Butter Makers Worth the Hunt,https://georgiagrinders.com/
Gerbs,,,Hemp Seeds Worth the Hunt; Pumpkin Seeds & Pepitas Worth the Hunt; Sunflower Seeds Worth the Hunt,https://mygerbs.com/
Gerbs Allergy Friendly Foods,,,Trail Mix Worth the Hunt,https://mygerbs.com/
German Specialty Imports,,,Braised Red Cabbage & Rotkohl Worth the Hunt; Spaetzle & German Egg Noodles Worth the Hunt,https://germanspecialtyimport.com/products/copy-of-hengstenberg-red-cabbage-with-apples-jar
GermanDeli.com,Grapevine,Texas,Lebkuchen & Stollen Worth the Hunt; Remoulade & German Condiments Worth the Hunt; Spaetzle & German Egg Noodles Worth the Hunt,https://germandeli.com/
Get Maine Lobster,Portland,Maine,Lobster Worth the Hunt,https://getmainelobster.com
Giannetti Artisans,,,Capers & Caperberries Worth the Hunt,https://giannettiartisans.com/shop/all-giannetti-artisans-products/pantelleria-sicilian-salted-capers/
gimme Seaweed,,,Nori & Seaweed Snacks Worth the Hunt,https://gimmeseaweed.com/
Girl & Dug Farm,San Diego,California,Yuzu & Japanese Citrus Worth the Hunt,https://chefs.girlndug.com/
Gneiss Spice,,,Gochugaru & Korean Chili Flake Worth the Hunt,https://gneissspice.com/products/gochugaru-korean-chili-flakes
Go Raw Pet Food,Huffman,Texas,Fresh & Raw Dog Food Worth the Hunt,https://gorawpetfood.com/
Gochugaru Store,,,Gochugaru & Korean Chili Flake Worth the Hunt,https://gochugaru.store/
Gochujar,,,Myeolchi & Korean Dried Anchovy Worth the Hunt; Perilla & Sesame Leaf Worth the Hunt,https://gochujar.com/
Golden Barrel,Honey Brook,Pennsylvania,Molasses & Cane Syrup Worth the Hunt,https://www.goldenbarrel.com/
Golden Prairie,,,Millet Worth the Hunt,https://goldenprairie.com/
Golden Valley Flax,,,Chia & Flax Seeds Worth the Hunt,https://www.goldenvalleyflax.com/
GoMacro,Viola,Wisconsin,Energy & Snack Bars Worth the Hunt,https://gomacro.com/
Good Hill Farms,Fallbrook,California,Specialty Citrus Growers Worth the Hunt,https://shop.goodhillfarms.com/products/meyer-lemon
Good News Ghee,Asheville,North Carolina,Ghee Worth the Hunt,https://www.goodnewsghee.com/
Got Kosher,Los Angeles,California,Kosher Challah & Bakery Worth the Hunt,https://www.gotkosherinc.com/
Gotham Grove,,,Cheonggukjang & Fermented Soybean Worth the Hunt,https://gothamgrove.com/
Gotham Grove (Artisan Fermentary),,,Doenjang Worth the Hunt,https://gothamgrove.com/products/doenjang-fermented-soybean-paste-af
Gourmet Sweet Botanicals,San Diego,California,Edible Flowers Worth the Hunt,https://gourmetsweetbotanicals.com/collections/edible-flowers
Goya,,,Empanada & Hand-Pie Discs Worth the Hunt,https://www.goya.com/en/products/empanada-dough-for-baking/
Grady's Cold Brew,Bronx,New York,Cold Brew Coffee Worth the Hunt,https://www.gradyscoldbrew.com/
Graeter's,Cincinnati,Ohio,Kosher Ice Cream & Frozen Worth the Hunt,https://www.graeters.com/pages/kosher-ice-cream
Grafton Village Cheese,Grafton,Vermont,Aged & Cave-Aged Cheddar Worth the Hunt; Clothbound & Cave-Aged Worth the Hunt,https://graftonvillagecheese.com/
Grain Place Foods,Marquette,Nebraska,Barley Worth the Hunt; Millet Worth the Hunt; Quinoa Worth the Hunt,https://grainplacefoods.com/
Gran Caffe L'Aquila,Philadelphia,Pennsylvania,Gelato Worth the Hunt,https://grancaffelaquila.com/
Grand Traverse Pie Company,Traverse City,Michigan,Frozen Pot Pies Worth the Hunt; Pie Worth the Hunt,https://shop.gtpie.com/
Grandy Organics,Hiram,Maine,5 Small-Batch Granola Makers Worth the Hunt; Kosher Granola & Snacks Worth the Hunt,https://www.grandyorganics.com/
Grass Roots Farmers' Cooperative,,,Chicken Worth the Hunt; Pork Worth the Hunt; 5 Regenerative Meat Companies Worth the Hunt,https://grassrootscoop.com/products/pasture-raised-whole-chicken
Grassfed Glatt,,,Kosher Meat & Deli Worth the Hunt,https://www.grassfedglatt.com/
Great Lakes Wellness,,,Gelatin & Pectin Worth the Hunt,https://greatlakeswellness.com/collections/gelatin
Great River Milling,Fountain City,Wisconsin,Amaranth & Sorghum Grain Worth the Hunt,https://www.greatrivermilling.com/
Great River Organic Milling,Fountain City,Wisconsin,Oats & Hot Cereal Worth the Hunt,https://www.greatrivermilling.com/
Green Dirt Farm,Weston,Missouri,Cream Cheese & Fresh Spreads Worth the Hunt,https://www.greendirtfarm.com/
Green's Babka,Brooklyn,New York,Babka & Enriched Bread Worth the Hunt,https://greensbabka.com/
Greener Pastures Chicken,Elgin,Texas,Halal + Organic: Double-Certified Worth the Hunt,https://greenerpastureschicken.com/
Grimaud Farms,,,Duck & Game Birds Worth the Hunt,https://grimaudfarms.com/
Grist & Toll,Pasadena,California,Atta Flour (Chapati / Roti Flour) Worth the Hunt,https://gristandtoll.com/product/hard-red-wheat/
GroEat Garlic Farm,Bozeman,Montana,Garlic Worth the Hunt,https://www.groeat.com/
Ground Up,Portland,Oregon,5 Small-Batch Nut Butter Makers Worth the Hunt,https://grounduppdx.com/
Grounds for Change,,,5 Small-Roaster Coffees Worth the Hunt,https://www.groundsforchange.com/
Grove Ladder Farm,,,Pasture-Raised Eggs Worth the Hunt,https://groveladderfarmllc.grazecart.com/store/pastured-eggs
Grow & Behold,Brooklyn,New York,Kosher Meat & Deli Worth the Hunt,https://www.growandbehold.com/
Grown Well Regenerative Farm,,,Pasture-Raised Eggs Worth the Hunt,https://grownwellfarms.com/products/corn-soy-free-chicken-eggs
Grubbly Farms,,,Best Organic Chicken Feed Worth the Hunt,https://grubblyfarms.com/
Guardian Grains,,,5 Artisan Pasta Makers Worth the Hunt,https://guardiangrains.com/
Guava Gourmet,Beverly Hills,California,Guava Paste Worth the Hunt,https://www.guavagourmetfoods.com/
Guelaguetza,Los Angeles,California,Mole Paste Worth the Hunt,https://store.ilovemole.com/collections/moles
Guglielmo's Sauce,Rochester,New York,5 Small-Batch Pasta Sauce Makers Worth the Hunt,https://www.guglielmosauce.com/
Guisados,Los Angeles,California,Horchata & Rice Drinks Worth the Hunt,https://www.guisados.la/store/p/bootu4ax48we1kcyn0pz4ltj8c75cl
Guittard Chocolate Company,Burlingame,California,"Baking Chocolate Worth the Hunt; Cocoa & Cacao Powder Worth the Hunt; Kosher Baking: Chocolate, Vanilla & Flour Worth the Hunt",https://guittard.com/
Gustiamo,Bronx,New York,Traditional Aged Balsamic Worth the Hunt; Calabrian Chili Worth the Hunt; Canned Tomatoes Worth the Hunt; Tomato Paste & Passata Worth the Hunt,https://www.gustiamo.com/traditional-balsamic-vinegar-from-modena-ivory-label-by-la-ca-dal-non/
"Gustiamo (La Nicchia, Pantelleria)",,,Capers & Caperberries Worth the Hunt,https://www.gustiamo.com/salted-pantelleria-capers-by-la-nicchia/
Gustus Vitae,,,German & Scandinavian Seasoning Worth the Hunt,https://www.gustusvitae.com/
Hagafen Cellars,Napa,California,Kosher Wine Worth the Hunt,https://www.hagafen.com/
Hajdu Wines,Berkeley,California,Kosher Wine Worth the Hunt,https://www.hajduwines.com/
Halal Foundry,Los Angeles,California,Halal Bulk Boxes & Beef Shares Worth the Hunt,https://halalfoundry.com/
Halal Pastures,Rock Tavern,New York,Halal Beef & Lamb Worth the Hunt; Halal + Organic: Double-Certified Worth the Hunt; Halal Chicken & Poultry Worth the Hunt; Halal Broth & Prepared Worth the Hunt,https://www.halalpastures.com/
Halal-N-Tayyib Meats,Macon,Georgia,Halal Bulk Boxes & Beef Shares Worth the Hunt; Halal Beef & Lamb Worth the Hunt; Halal + Organic: Double-Certified Worth the Hunt; Halal Raw Pet Food Worth the Hunt; Halal Chicken & Poultry Worth the Hunt,https://www.halal-n-tayyibmeatshares.com/
Halalables Meal Kit,,,Halal Meal Prep & Chef-Made Meals Worth the Hunt,https://halalable.com/
Half Moon Bay Wasabi,Half Moon Bay,California,Real Wasabi Worth the Hunt,https://hmbwasabi.com/
Hama Hama Oyster Company,Lilliwaup,Washington,Oysters Worth the Hunt,https://hamahamaoysters.com
Hamakua Macadamia Nut Company,Kawaihae,Hawaii,Macadamia Nuts Worth the Hunt,https://hamakuamacnut.com/
Hamama,,,Microgreens Worth the Hunt,https://www.hamama.com/
Hammond's Pretzels,Lancaster,Pennsylvania,5 Artisan Pretzel Makers Worth the Hunt,https://hammondspretzels.com/
Hammons Black Walnuts,Stockton,Missouri,5 Walnut Growers Worth the Hunt,https://black-walnuts.com/
Handy Farms,,,5 Walnut Growers Worth the Hunt,https://handyfarms.com/
Happy Girl Kitchen,Pacific Grove,California,5 Small-Batch Jam Makers Worth the Hunt,https://happygirlkitchen.com/
Har Bracha,,,Tahini Worth the Hunt,https://harbrachatahini.com/
Harmless Harvest,,,Coconut Water Worth the Hunt,https://harmlessharvest.com/
Harmony House Foods,Flat Rock,North Carolina,Berries Worth the Hunt; Dried & Freeze-Dried Vegetables Worth the Hunt,https://www.harmonyhousefoods.com/
Harmony Springs Farm,Blountville,Tennessee,Fresh & Specialty Chiles Worth the Hunt,https://www.harmonypeppers.com/fresh-peppers
Harney & Sons,Millerton,New York,Kosher Tea Worth the Hunt,https://www.harney.com/
Harrison's Bird Foods,,,Premium Parrot & Bird Food Worth the Hunt,https://www.harrisonsbirdfoods.com/
Hatch Chile Store,,,Best Dried Chiles Worth the Hunt; Hominy & Pozole Corn Worth the Hunt,https://www.hatch-green-chile.com/
HATF's Shepherd's Natural,,,Egusi Worth the Hunt,https://happyafricantropicalfoods.com/
Hawaiian Vinegar Company,,,"Malt, Coconut & Cane Vinegar Worth the Hunt",https://www.hawaiianvinegarco.com/
Haxan Ferments,Seattle,Washington,Fermented Hot Sauce Worth the Hunt,https://haxanferments.com/
Hayden Flour Mills,Tempe,Arizona,Atta Flour (Chapati / Roti Flour) Worth the Hunt; 5 Craft Flour Mills Worth the Hunt; Semolina & Durum Flour Worth the Hunt; Spelt & Einkorn Flour Worth the Hunt,https://haydenflourmills.com/shop
Hazelnut Hill,Willamette Valley,Oregon,Hazelnuts & Filberts Worth the Hunt,https://www.hazelnuthill.com/
Healthy Rican,,,Sazón & Adobo Worth the Hunt,https://shophealthyrican.com/
Heartbeat Hot Sauce,,,5 Craft Hot Sauces Worth the Hunt,https://www.heartbeathotsauce.com/
Hearth and Pantry,,,Winter Squash Worth the Hunt,https://hearthandpantry.com/
Heartland Chia,Franklin,Kentucky,Chia & Flax Seeds Worth the Hunt,https://www.heartlandchia.com/
Hebel & Co,Los Angeles,California,Halva Worth the Hunt,https://hebelco.com/
Heilala Vanilla,Custer,Washington,Vanilla Bean & Paste Worth the Hunt,https://www.heilalavanilla.com/collections/vanilla-paste
Heintzman Farms,Onaka,South Dakota,Chia & Flax Seeds Worth the Hunt,https://www.heintzmanfarms.com/
Heirloom Sourdough,,,Live Sourdough Starters Worth the Hunt,https://heirloomsourdough.com/
Hella Cocktail Co.,Brooklyn,New York,Cocktail Bitters Worth the Hunt,https://hellacocktail.co/
Hemme Brothers Farmstead Creamery,Sweet Springs,Missouri,Quark & Fresh Curd Worth the Hunt,https://hemmebrothers.com/
Hendrix Farms,,,Onions & Shallots Worth the Hunt,https://www.hendrixfarms.com/
Henning Cheese,Kiel,Wisconsin,Cheese Curds Worth the Hunt,https://henningscheese.com/
Heray Spice,Chicago,Illinois,Saffron Worth the Hunt,https://www.herayspice.com/
Herbert's Wine Jelly,Palmyra,Virginia,Wine & Spirit Jelly Worth the Hunt,https://www.herbertswinejelly.com/
Heritage Foods,Brooklyn,New York,5 Small-Batch Sausage Makers Worth the Hunt; Heritage Turkey Worth the Hunt,https://heritagefoods.com/
HeritageDough,,,Live Sourdough Starters Worth the Hunt,https://heritagedough.com/
Higgins,,,Best Hamster & Gerbil Food Worth the Hunt,https://www.higginspremium.com/
High Plains Spice Company,Sterling,Colorado,German & Scandinavian Seasoning Worth the Hunt,https://highplainsspicecompany.com/shop/bratwurst-sausage-seasoning/
Hikari,,,Best Aquarium Fish Food Worth the Hunt,https://www.hikariusa.com/
Hillside Orchard Farms,Lakemont,Georgia,Relish & Chow-Chow Worth the Hunt,https://www.hillsideorchard.com/product-category/relish-chow-chow/
Hippeas,,,Cheese Puffs & Baked Snacks Worth the Hunt,https://hippeas.com/
Hoboken Farms,Hoboken,New Jersey,5 Small-Batch Pasta Sauce Makers Worth the Hunt,https://hobokenfarms.com/
Hodo Foods,Oakland,California,5 Craft Tofu & Tempeh Makers Worth the Hunt,https://www.hodofoods.com/
Holm Made Toffee,Bend,Oregon,5 Small-Batch Candy Makers Worth the Hunt,https://holmmadetoffee.com/
Holmquist Hazelnut Orchards,Lynden,Washington,Hazelnuts & Filberts Worth the Hunt,https://www.holmquisthazelnuts.com/
Holy Jerky,Five Towns,New York,Kosher Jerky & Meat Snacks Worth the Hunt,https://holyjerky.com/
Holy Schmitt's Horseradish,Long Island,New York,Root Vegetables Worth the Hunt,https://schmittsfarmstand.com/
Homestead Creamery,Wirtz,Virginia,Cream & Half-and-Half Worth the Hunt,https://www.homesteadcreameryinc.com/
Homestead Gristmill,Waco,Texas,Atta Flour (Chapati / Roti Flour) Worth the Hunt,https://homesteadgristmill.com/whole-wheat-flour
Homesweet Homegrown,Bucks County,Pennsylvania,Fresh & Specialty Chiles Worth the Hunt,https://homesweethomegrown.com/products/freshly-picked-ghost-peppers
Homesweet Homegrown (Pie Bird Farm),Ottsville,Pennsylvania,Fresh Peppers Worth the Hunt,https://homesweethomegrown.com/
Homiah Sambal Chili Crunch,New York,New York,5 Small-Batch Chili Crisps Worth the Hunt,https://www.homiah.com/
Honey Feast,Clermont,Florida,Truffle Honey Worth the Hunt,https://honeyfeast.com/products/truffle-honey
Honeycrisp.com,,,Apples Worth the Hunt,https://www.honeycrisp.com/
Hoosier Hill Farm,Elkhart,Indiana,"Yeast, Baking Powder & Soda Worth the Hunt",https://hoosierhillfarm.com/
Hope Foods,Boulder,Colorado,Hummus & Dips Worth the Hunt,https://hopefoods.com/
Horne Pecan Company,,,Fresh Pecans Worth the Hunt,https://hornepecancompany.com/
Hudson Valley Farms,Ferndale,New York,Duck Confit & Prepared Duck Worth the Hunt,https://www.hvfarms.com/collections/duck
Hula Brothers,,,Exotic & Tropical Fruit Worth the Hunt,https://www.hulabrothers.com
Humble House Foods,San Antonio,Texas,5 Small-Batch Salsa Makers Worth the Hunt,https://humblehousefoods.com/
Ian's Natural Foods,,,Breadcrumbs & Panko Worth the Hunt,https://www.iansfoods.com/product/original-panko-breadcrumbs/
Idaho Kombucha,,,5 Craft Kombuchas Worth the Hunt,https://idahokombucha.com/
Iio Jozo,,,Rice Vinegar Worth the Hunt,https://www.thegoodgrubhub.com/products/iio-jozo-rice-vinegar
Il Porcellino Salumi,Denver,Colorado,Coppa & Capicola Worth the Hunt; Prosciutto & Dry-Cured Ham Worth the Hunt; Saucisson & Dry Salami Worth the Hunt,https://www.ilporcellinodenver.com/products/coppa-sliced
ImportFood,,,Palm & Coconut Sugar (Gula) Worth the Hunt; Rice Paper & Spring Roll Wrappers Worth the Hunt; Shrimp Paste & Belacan Worth the Hunt; Tamarind Worth the Hunt; Tamarind & Sour Pastes Worth the Hunt; Thai Sticky & Jasmine Rice Worth the Hunt,https://importfood.com/
In Pursuit of Tea,Wakefield,Massachusetts,Oolong Tea Worth the Hunt; Pu-erh & Aged Tea Worth the Hunt,https://inpursuitoftea.com/
India Tree,Seattle,Washington,"Brown, Turbinado & Muscovado Sugar Worth the Hunt; Sprinkles & Decorating Worth the Hunt",https://www.indiatree.com/
Ingebretsen's,Minneapolis,Minnesota,Brunost & Brown Cheese Worth the Hunt; Crispbread & Knäckebröd Worth the Hunt; Lingonberry & Nordic Preserves Worth the Hunt,https://www.ingebretsens.com/shop/food/cheeses
Ironbound Island Seaweed,Winter Harbor,Maine,Wakame & Dulse Worth the Hunt,https://www.ironboundisland.com/
Ishka Farms,,,Capers & Caperberries Worth the Hunt,https://ishkafarms.com/product/organic-caper-berries-in-brine/
Island Creek Oysters,Duxbury,Massachusetts,Oysters Worth the Hunt,https://islandcreekoysters.com
Island Harvest Hawaii,Big Island,Hawaii,Macadamia Nuts Worth the Hunt,https://islandharvesthawaii.com/
Island's Best Juice,,,Sorrel & Caribbean Drinks Worth the Hunt,https://islandsbestjuice.com/products/sorrel-drink
Ithaca Hummus,Ithaca,New York,Hummus & Dips Worth the Hunt,https://www.ithacahummus.com/
J&M Halal Meals,,,Halal Frozen & Prepared Meals Worth the Hunt,https://www.halalcertified.com/
Jack Rudy Cocktail Co.,Charleston,South Carolina,Conserves & Brandied Fruit Worth the Hunt; Tonic & Craft Mixers Worth the Hunt,https://www.jackrudycocktailco.com/
Jack's Gourmet,Brooklyn,New York,"Kosher Salami, Hot Dogs & Knishes Worth the Hunt",https://www.jacksgourmet.com/
Jackson's,Crested Butte,Colorado,The Glass Case — 5 No-Additive Makers; Veggie & Root Chips Worth the Hunt,https://jacksonschips.com/
Jacobsen Salt Co.,Portland,Oregon,Everything & All-Purpose Seasoning Worth the Hunt; 5 Finishing Salt Makers Worth the Hunt; Fleur de Sel & Sel Gris Worth the Hunt; Truffle Salt & Seasoning Worth the Hunt,https://jacobsensalt.com/
Jaju Pierogi,Boston,Massachusetts,5 Regional Frozen Foods Worth the Hunt,https://www.jajupierogi.com/
Jam by Josh,Cleveland,Ohio,5 Small-Batch Jam Makers Worth the Hunt,https://jambyjoshcle.com/
Jamaica Valley,,,Callaloo & Caribbean Greens Worth the Hunt,https://www.jamaicavalley.com/
Jamaica's Finest (East Road Beverages),,,Sorrel & Caribbean Drinks Worth the Hunt,https://shop.jamaicasfinestcocktails.com/products/hibiscus-drink
James Liston Pine Nuts,,,Pine Nuts Worth the Hunt,https://pinenuts.net/
Jamie's Farm,,,5 Small-Batch Granola Makers Worth the Hunt,https://www.jamies-farm.com/
Janie's Mill,Ashkum,Illinois,5 Craft Flour Mills Worth the Hunt; Cornmeal & Corn Flour Worth the Hunt; Rye Flour Worth the Hunt; Spelt & Einkorn Flour Worth the Hunt,https://www.janiesmill.com/
Jasper Hill Farm,Greensboro,Vermont,Blue Cheese Worth the Hunt; 5 Artisan Cheeses Worth the Hunt; Clothbound & Cave-Aged Worth the Hunt,https://www.jasperhillfarm.com/
Jazzmen Rice,,,Thai Sticky & Jasmine Rice Worth the Hunt,http://www.jazzmenrice.com/
JChef,,,Kosher Prepared & Deli Meals Worth the Hunt,https://jchef.com/
Jeff's Garden,Napa,California,Artichoke Hearts & Marinated Veg Worth the Hunt; Pepperoncini & Pickled Peppers Worth the Hunt; Roasted & Marinated Peppers Worth the Hunt,https://jeffsgardenfoods.com/
Jersey Italian Gravy,,,5 Small-Batch Pasta Sauce Makers Worth the Hunt; Pizza Sauce Worth the Hunt; Vodka & Pink Sauce Worth the Hunt,https://jerseyitaliangravy.com/
Jimmy P's Steaks,Philadelphia,Pennsylvania,Gravy & Demi-Glace Worth the Hunt,https://jimmypssteaks.com/
Jody's Popcorn,Norfolk,Virginia,5 Small-Batch Popcorn Makers Worth the Hunt,https://jodyspopcorn.com/
Joe Patti's Seafood,Pensacola,Florida,Tartar & Remoulade Worth the Hunt,https://joepattis.com/
Johnny's Selected Seeds,Albion,Maine,Sprouting & Microgreen Seeds Worth the Hunt,https://www.johnnyseeds.com/
Johnston Pecan Farms,Fort Valley,Georgia,Fresh Pecans Worth the Hunt,https://www.johnstonpecanfarms.com/
Jonboy Caramels,Seattle,Washington,5 Small-Batch Candy Makers Worth the Hunt,https://jonboycaramels.com/
Jookjangyeon,,,Doenjang Worth the Hunt; Gochujang Worth the Hunt,https://kimcmarket.com/products/jookjangyeon-doenjang-500g
Jorinji Miso,Portland,Oregon,5 Craft Miso Makers Worth the Hunt,https://jorinjimiso.com/
Josh's Frogs,,,Live Feeder Insects Worth the Hunt; Best Frog & Amphibian Food Worth the Hunt; Reptile Food Worth the Hunt,https://joshsfrogs.com/c/live_insects/feeders
Jovial Foods,,,Canned & Jarred Beans Worth the Hunt,https://www.jovialfoods.com/
Joyce Farms,,,Heritage Turkey Worth the Hunt,https://joyce-farms.com/products/heritage-black-turkey-whole
Juka's Organic Co.,,,Fonio Worth the Hunt,https://jukasorganic.com/
June Moon Spice Company,Prior Lake,Minnesota,Jerk Seasoning Worth the Hunt; Piri-Piri & Peri-Peri Sauce Worth the Hunt; Stir-Fry & All-Purpose Sauces Worth the Hunt,https://junemoonspicecompany.com/
Just Almonds,,,Almond Flour Worth the Hunt,https://www.justalmonds.com/
Just Date,,,Date Syrup & Silan Worth the Hunt,https://enjoyjustdate.com/
JUST Egg,San Francisco,California,Egg Substitutes & Liquid Egg Worth the Hunt,https://www.ju.st/
Just Panela,,,Jaggery & Panela Worth the Hunt,https://www.justpanela.com/
Just Pizza & Wing Co.,Buffalo,New York,Pizza Sauce Worth the Hunt,https://www.justpizzausa.com/product/jarred-sauce/
Kakawa Chocolate House,Santa Fe,New Mexico,Best Mexican Chocolate Worth the Hunt,https://kakawachocolates.com/
Kalona SuperNatural,Kalona,Iowa,Buttermilk & Cultured Milk Worth the Hunt; Cottage Cheese Worth the Hunt; Sour Cream & Crème Fraîche Worth the Hunt,https://kalonasupernatural.com/
Karachi Kitchen,Seattle,Washington,Mango Chutney Worth the Hunt,https://www.karachikitchenfoods.com/product/spicymangochutney/36
KariKari,Seattle,Washington,5 Small-Batch Chili Crisps Worth the Hunt,https://www.eatkarikari.com/
Karma Sauce,Rochester,New York,5 Craft Hot Sauces Worth the Hunt,https://karmasauce.com/
Karoun Dairies,Turlock,California,Halal Cheese & Dairy Worth the Hunt; Labneh Worth the Hunt,https://www.karouncheese.com/
Kate's Real Food,Victor,Idaho,Energy & Snack Bars Worth the Hunt,https://katesrealfood.com/
KATZ Farm,Suisun Valley,California,Sherry & Red Wine Vinegar Worth the Hunt; 5 Artisan Vinegar Makers Worth the Hunt,https://www.katzfarm.com/
Kauffman Orchards,Lancaster County,Pennsylvania,Fresh Apple Cider Worth the Hunt; Peanut Butter Worth the Hunt; Dried & Seed Potatoes Worth the Hunt; Winter Squash Worth the Hunt,https://kauffman.farm/
Kayanoya,,,"Udon, Soba & Ramen Noodles Worth the Hunt",https://usa.kayanoya.com/
Keenan Farms,Kettleman City,California,Pistachios Worth the Hunt,https://keenanfarms.com/
Keene Garlic (Keene Organics),Madison,Wisconsin,Garlic Worth the Hunt,https://keeneorganics.com/
Keene Organics,,,Dried & Seed Potatoes Worth the Hunt,https://keeneorganics.com/product-category/potatoes/
Kelapo,,,Coconut Oil Worth the Hunt,https://www.kelapo.com/
Kelchner's Horseradish,Dublin,Pennsylvania,Cocktail & Seafood Sauce Worth the Hunt; Prepared Horseradish Worth the Hunt,https://www.kelchnershorseradish.com/
Keli's Hawaiian Gourmet Sauces,,,Teriyaki & Glaze Worth the Hunt,https://trykelis.com/
Kelley's Gourmet,Bloomington,Illinois,Pizza Sauce Worth the Hunt,https://www.greatmustard.com/
Ken & June's Hazelnuts,St. Paul,Oregon,Hazelnuts & Filberts Worth the Hunt,https://kjhazelnuts.com/
Kendall Farms,Hopland,California,Clotted Cream & Crème Worth the Hunt; Mascarpone & Creme Fraiche Worth the Hunt,https://www.kendallfarmscremefraiche.com/
Kettl,Brooklyn,New York,"Green Tea (Sencha, Gyokuro) Worth the Hunt; 5 Ceremonial Matcha Sources Worth the Hunt",https://kettl.co/
Kettle Heroes,Tempe,Arizona,5 Small-Batch Popcorn Makers Worth the Hunt,https://kettleheroes.com/
Kevala,,,Tahini Worth the Hunt,https://kevala.com/
Kim'C Market,,,"Myeolchi & Korean Dried Anchovy Worth the Hunt; Korean Noodles (Japchae, Naengmyeon) Worth the Hunt; Perilla & Sesame Leaf Worth the Hunt; Tteok & Rice Cakes Worth the Hunt",https://kimcmarket.com/
Kim'C Market Premium Gochujang,,,Gochujang Worth the Hunt,https://kimcmarket.com/products/premium-gochujang-red-chili-paste-250g
Kimchi Kooks,Brooklyn,New York,Kimchi Worth the Hunt,https://www.kimchikooks.com/
KIMNORI,Cerritos,California,Nori & Seaweed Snacks Worth the Hunt,https://kimnoriusa.com/
King Arthur Baking,,,"Yeast, Baking Powder & Soda Worth the Hunt; Tipo 00 Pizza Flour Worth the Hunt; Live Sourdough Starters Worth the Hunt",https://shop.kingarthurbaking.com/ingredients/yeast
King Arthur Baking Company,Norwich,Vermont,Baking Yeast & Sourdough Worth the Hunt,https://shop.kingarthurbaking.com/items/classic-fresh-sourdough-starter
King Brothers Dairy,Schuylerville,New York,Small Dairies Worth the Hunt,https://kingbrothersdairy.com/home-delivery
Kisoondo,,,Doenjang Worth the Hunt; Gochujang Worth the Hunt,https://gochujar.com/products/kisoondo-traditional-doenjang
Kitchen Kettle Village,Intercourse,Pennsylvania,Farmer & Pot Cheese Worth the Hunt,https://shopkitchenkettle.com/
Klatch Coffee,Rancho Cucamonga,California,Espresso Roasts Worth the Hunt,https://www.klatchcoffee.com/
Knickerbocker Bagel,Brooklyn,New York,5 Real Bagel Shops That Ship,https://www.kbbagel.com/
KOATJI,,,Barista Oat & Nut Milk Worth the Hunt,https://koatji.com/products/barista-oat-and-koji-milk
Koda Farms,Dos Palos,California,Japanese Short-Grain Rice Worth the Hunt,https://www.kodafarms.com/
KOL Foods,Washington,District of Columbia,Kosher Meat & Deli Worth the Hunt,https://kolfoods.com/
Kolkata Chai Co,Brooklyn,New York,Chai & Concentrate Worth the Hunt,https://kolkatachai.co/
Kontos Foods,Paterson,New Jersey,"Halal Pizza, Lahmacun & Flatbread Worth the Hunt; Phyllo & Filo Dough Worth the Hunt",https://kontos.com/
Kopp's Frozen Custard,Milwaukee,Wisconsin,Custard & Pudding Worth the Hunt,https://kopps.com/
Kosterina,,,5 Single-Estate Olive Oils Worth the Hunt,https://kosterina.com/
KOVAL Distillery,Chicago,Illinois,Kosher Spirits & Liqueurs Worth the Hunt,https://www.koval-distillery.com/
Kozlik's Canadian Mustard,,,5 Artisan Mustard Makers Worth the Hunt,https://www.kozliks.com/
Kraemer Wisconsin Cheese,Watertown,Wisconsin,Cheese Spreads & Fondue Worth the Hunt,https://kraemerwisconsincheese.com/
Kreche Foods,Miami Gardens,Florida,Dulce de Leche Worth the Hunt,https://krechefoods.com/
Kriemhild Dairy Farms,Hamilton,New York,5 Cultured Butters Worth the Hunt,http://www.kriemhilddairy.com/
Krinos,Long Island City,New York,Grape Leaves & Dolma Worth the Hunt; Pepperoncini & Pickled Peppers Worth the Hunt; Roasted & Marinated Peppers Worth the Hunt,https://krinos.com/
Kruegermann,Los Angeles,California,Braised Red Cabbage & Rotkohl Worth the Hunt,https://germandeli.com/sauerkraut-cabbage-beets-aspargus/kruegermann-berlin-style-apple-red-cabbage-16oz
Kwik'Pak Fisheries,Emmonak,Alaska,Wild Salmon Worth the Hunt,http://www.kwikpakfisheries.com/
L.A. Burdick,Walpole,New Hampshire,Chocolate Truffles Worth the Hunt,https://www.burdickchocolate.com/
L'Chaim Meats,,,Kosher Jerky & Meat Snacks Worth the Hunt,https://lchaimmeats.com/
La Boîte,New York,New York,Black Pepper & Peppercorns Worth the Hunt; Pomegranate Molasses Worth the Hunt,https://www.laboiteny.com/
La Fe Tortilleria,,,Tortillas Worth the Hunt,https://www.lafetortilleria.com/
La Jefa Empanadas,,,Frozen Appetizers & Snacks Worth the Hunt,https://lajefaempanadas.com/
La Jolla Tortilleria,,,Tortillas Worth the Hunt,https://lajollatortilleria.com/
La Quercia,Norwalk,Iowa,Coppa & Capicola Worth the Hunt; Nduja & Spreadable Salami Worth the Hunt; Prosciutto & Dry-Cured Ham Worth the Hunt,https://laquerciashop.com/
La Tourangelle,,,"Best Toasted Sesame Oil Worth the Hunt; Walnut, Pumpkin-Seed & Nut Oils Worth the Hunt",https://latourangelle.com
LaClare Family Creamery,Malone,Wisconsin,Goat Cheese Worth the Hunt,https://www.laclarefamilycreamery.com/
LAFAZA Foods,,,Vanilla Bean & Paste Worth the Hunt,https://lafaza.com/collections/pure-vanilla-beans
Lafeber Company,,,Premium Parrot & Bird Food Worth the Hunt,https://lafeber.com/
Lake Champlain Chocolates,Burlington,Vermont,Kosher Chocolate Bars Worth the Hunt,https://www.lakechamplainchocolates.com/
LakeWolf Creamery,Deer Park,Washington,Best Mexican Cheese Worth the Hunt,https://lakewolfcreamery.com/
Lancaster Farm Fresh Cooperative,Lancaster County,Pennsylvania,Farm Box Worth the Hunt,https://lancasterfarmfresh.com/
Lark Fine Foods,Essex,Massachusetts,5 Cookie Bakeries Worth the Hunt,https://larkfinefoods.com/
Lavva,,,Plant-Based Yogurt Worth the Hunt,https://shop.lovvelavva.com/
Layne Labs,,,Best Snake Food & Frozen Feeders Worth the Hunt,https://laynelabs.com/
Le Bon Gout Seasoning,,,Pikliz & Haitian Condiments Worth the Hunt,https://lebongoutseasoning.com/
Leah's Pralines,New Orleans,Louisiana,Cajun & Creole Seasoning Worth the Hunt,https://leahspralines.com/
Leckerlee,Longmont,Colorado,Lebkuchen & Stollen Worth the Hunt,https://leckerlee.com/
Lee's Noodle,Los Angeles County,California,Best Rice Noodles Worth the Hunt,https://www.leesnoodle.com
LeGouté Natural Spice,,,Pikliz & Haitian Condiments Worth the Hunt,https://le-goute.com/
Lekker Kitchen,Santa Ana,California,"Halal Meal Prep & Chef-Made Meals Worth the Hunt; Halal Seasonings, Sauces & Condiments Worth the Hunt",https://lekkerkitchen.com/
LesserEvil,,,Cheese Puffs & Baked Snacks Worth the Hunt,https://lesserevil.com/
Let's Do Organic (Edward & Sons),,,Coconut Flour Worth the Hunt; Shredded & Flaked Coconut Worth the Hunt,https://store.edwardandsons.com/
Li-Lac Chocolates,New York,New York,Kosher Sweets & Chocolate Worth the Hunt,https://www.li-lacchocolates.com/pages/kosher-certified
Li'l Hala Foods,Monroe Township,New Jersey,Halal Baby & Toddler Food Worth the Hunt,https://lilhalafoods.com/
Liber & Co.,Austin,Texas,Cocktail Mixers & Syrups Worth the Hunt,https://liberandcompany.com/
Lifeway Foods,Morton Grove,Illinois,Kefir Worth the Hunt,https://lifewaykefir.com/
Lili Mart,,,Calamansi Worth the Hunt; Pancit & Filipino Noodles Worth the Hunt; Patis & Bagoong (Fish Sauce & Shrimp Paste) Worth the Hunt,https://shoplilimart.com/
Lillie's Q,Chicago,Illinois,5 Regional BBQ Sauce Makers Worth the Hunt,https://lilliesq.com/
Lilly's Fresh Pasta,Philadelphia,Pennsylvania,Fresh Pasta Worth the Hunt,https://lillysfreshpasta.com/
Lindera Farms,Delaplane,Virginia,5 Artisan Vinegar Makers Worth the Hunt,https://linderafarms.com/
Little Apple Treats,Sebastopol,California,5 Artisan Vinegar Makers Worth the Hunt,https://www.littleappletreats.com/
Live Fresh Juicery,Pittsburgh,Pennsylvania,Juice Worth the Hunt,https://www.livefreshjuice.com/
Lively Run Dairy,Interlaken,New York,Feta Worth the Hunt,https://livelyrun.com/
Living Dough,,,Live Sourdough Starters Worth the Hunt,https://livingdough.com/products/900-year-old-organic-fresh-sourdough-starter-yeast-culture-dutch-wales-heritage
Living Tree Community Foods,Berkeley,California,Kosher Olive Oil & Vinegar Worth the Hunt,https://www.livingtreecommunityfoods.com/
Lofty Pursuits,Tallahassee,Florida,Lollipops & Hard Candy Worth the Hunt,https://www.pd.net/
Loisa,,,Sazón & Adobo Worth the Hunt; Sofrito & Recaito Worth the Hunt,https://loisa.com/
Loisa Salt-Free,,,Sazón & Adobo Worth the Hunt,https://loisa.com/collections/seasonings
Long Island Microgreens,,,Microgreens Worth the Hunt,https://www.longislandmicrogreens.com/
LOOV,,,Berries Worth the Hunt,https://loovfood.com/
LorAnn Oils,Okemos,Michigan,"Almond, Mint & Baking Extracts Worth the Hunt",https://www.lorannoils.com/collections/flavors
Lost Lake Farm,,,Quark & Fresh Curd Worth the Hunt,https://lostlakefarmllc.com/
Lotus Foods,,,Best Rice Noodles Worth the Hunt; Thai Sticky & Jasmine Rice Worth the Hunt,https://www.lotusfoods.com
Lou Malnati's,Lincolnwood,Illinois,Frozen Pizza Worth the Hunt,https://www.tastesofchicago.com/
Louisiana Dried Shrimp Co.,,,Dried Shrimp & Scallop Worth the Hunt,https://louisianadriedshrimp.com/
Louisville Jerky Co.,Louisville,Kentucky,Plant & Mushroom Jerky Worth the Hunt,https://www.lvjco.com/
Lowcountry Kettle,Charleston,South Carolina,5 Regional Chip Makers Worth the Hunt,https://www.lowcountrykettle.com/
Lubavitch Matzah Bakery,,,Kosher Pantry & Matzo Worth the Hunt,https://lubavitchmatzah.com/
Lucky Foods,,,Kimchi Worth the Hunt,https://luckyfood.com/
Luda's Dumplings,,,Frozen Dumplings & Potstickers Worth the Hunt,https://ludas.us/
Lumi Juice,,,Juice Worth the Hunt,https://www.lumijuice.com/
Lummi Island Wild,Lummi Island,Washington,5 Smoked Fish Makers Worth the Hunt,https://lummiislandwild.com/
LunaGrown,Hudson Valley,New York,"Kosher Honey, Preserves & Jam Worth the Hunt",https://www.lunagrown.com/
Lundberg Family Farms,Richvale,California,Rice Crackers & Crisps Worth the Hunt,https://www.lundberg.com/
Mackenzie Limited,,,Frozen Prepared Vegetables Worth the Hunt,https://www.mackenzieltd.com/
Made In Nature,,,Fruit Leather & Dried Fruit Snacks Worth the Hunt,https://www.madeinnature.com/
Madhava,Boulder,Colorado,Agave & Cactus Syrup Worth the Hunt; Coconut & Palm Sugar Worth the Hunt,https://www.madhavafoods.com/
Madre,Grand Rapids,Michigan,Best Masa Harina & Corn Tortillas Worth the Hunt,https://madreproducts.com/
Maesri,,,Thai Curry Paste Worth the Hunt,https://importfood.com/products/thai-curry-paste/item/maesri-red-curry-paste
Magic Kitchen,,,Frozen Prepared Meals Worth the Hunt,https://www.magickitchen.com/
Maine Coast Sea Vegetables,Hancock,Maine,Dashi Worth the Hunt; Kombu & Kelp Worth the Hunt; Wakame & Dulse Worth the Hunt,https://seaveg.com/collections/sugar-kelp
Maine Crisp Company,Waterville,Maine,5 Artisan Cracker Makers Worth the Hunt,https://www.mainecrisp.com/
Maine Garum Co.,,,Best Fish Sauce Worth the Hunt,https://www.mainegarum.com
Maine Grains,Skowhegan,Maine,5 Craft Flour Mills Worth the Hunt; Buckwheat & Kasha Worth the Hunt; Rye Flour Worth the Hunt,https://mainegrains.com/
Maine Lobster Now,,,Lobster Worth the Hunt,https://mainelobsternow.com
Maisie Jane's,Chico,California,The Glass Case — 5 No-Additive Makers,https://maisiejanes.com/
Makers Bakers,Cincinnati,Ohio,Pie Crust & Dough Worth the Hunt,https://shop.findlaymarket.org/products/all-butter-pie-dough
MALK Organics,Austin,Texas,Plant Milk Worth the Hunt,https://malkorganics.com/
Mama Lil's,Yakima Valley,Washington,Pepperoncini & Pickled Peppers Worth the Hunt,https://mamalils.com/
Mama Sita's,,,"Adobo, Sinigang & Sauce Mixes Worth the Hunt",https://www.mamasitas.com/
Mangalitsa Estates,,,Pork Worth the Hunt,https://www.mangalitsaestates.com/
Maple Valley Cooperative,Cashton,Wisconsin,5 Real Maple Syrup Producers Worth the Hunt,https://www.maplevalleysyrup.coop/
Maplebrook Farm,North Bennington,Vermont,Burrata & Fresh Mozzarella Worth the Hunt; Best Ricotta Worth the Hunt,https://maplebrookvt.com/
Marano's Small Batch,Chelsea,Alabama,5 Small-Batch Pasta Sauce Makers Worth the Hunt,https://maranofoods.com/
Marconi Foods,Chicago,Illinois,Giardiniera & Pickled Mix Worth the Hunt,https://marconi-foods.com/
Marcoot Jersey Creamery,Greenville,Illinois,5 Artisan Cheeses Worth the Hunt,https://marcootjerseycreamery.com/
Marge Granola,Seattle,Washington,5 Small-Batch Granola Makers Worth the Hunt,https://www.margegranola.com/
Marieke Gouda,Thorp,Wisconsin,Gouda & Aged Dutch-Style Worth the Hunt,https://shopmariekegouda.com/
Marmite (via British Food Supplies),,,Yeast Extract Spread Worth the Hunt,https://www.britishfoodsupplies.com/
Marry Me Brands,Wilmington,North Carolina,5 Small-Batch Pasta Sauce Makers Worth the Hunt,https://marrymebrands.com/
Marsh Hen Mill,Edisto Island,South Carolina,Cornmeal & Corn Flour Worth the Hunt; Freekeh Worth the Hunt; Grits & Polenta Worth the Hunt; 5 Heritage Rice & Grain Growers Worth the Hunt,https://marshhenmill.com/
Marshall Pet Products,,,Best Ferret Food Worth the Hunt,https://www.marshallpet.com/
Marshallberg Farm,Marshallberg,North Carolina,Bottarga & Cured Roe Worth the Hunt; 5 Sustainable Caviar & Roe Sources Worth the Hunt,https://thecaviarfarm.com/
Martin's Handmade Pretzels,Akron,Pennsylvania,5 Artisan Pretzel Makers Worth the Hunt,https://www.martinspretzels.com/
Marukan,Paramount,California,Ponzu & Citrus Soy Worth the Hunt; Rice Vinegar Worth the Hunt,https://www.marukan-usa.com/products/yuzu-ponzu-premium-soy-dressing-with-yuzu-citrus/
Marx Foods,Seattle,Washington,"Edible Flowers Worth the Hunt; Kaffir Lime & Thai Herbs Worth the Hunt; Lemongrass, Galangal & Thai Aromatics Worth the Hunt",https://www.marxfoods.com/produce/category/edible-flowers
MASA Chips,Austin,Texas,5 Regional Chip Makers Worth the Hunt,https://masachips.com/
Masala Mama,Brooklyn,New York,Curry & Simmer Sauces Worth the Hunt,https://masalamamafoods.com/
Masienda,,,Hominy & Pozole Corn Worth the Hunt; Best Masa Harina & Corn Tortillas Worth the Hunt; Masarepa (Arepa Flour) Worth the Hunt; 5 Small-Batch Salsa Makers Worth the Hunt,https://masienda.com/products/white-cacahuazintle-corn
Mason Dixie,Washington,District of Columbia,Biscuit & Scone Dough Worth the Hunt,https://masondixiefoods.com/
Mason Dixie Foods,Baltimore,Maryland,Frozen Breakfast Worth the Hunt,https://masondixiefoods.com/
Masumoto Family Farm,Del Rey,California,Stone Fruit Worth the Hunt,https://www.masumoto.com/
Matchaeologist,,,5 Ceremonial Matcha Sources Worth the Hunt,https://matchaeologist.com/
Matt Cones,,,Ice Cream Cones & Waffle Cones Worth the Hunt,https://mattcones.com/
Maverick Chocolate Co.,Cincinnati,Ohio,Cocoa & Cacao Powder Worth the Hunt,https://www.maverickchocolate.com/
Mavuno Harvest,,,5 Dried Fruit Makers Worth the Hunt,https://www.mavunoharvest.com/
Maya Kaimal,Rhinebeck,New York,Curry & Simmer Sauces Worth the Hunt,https://www.mayakaimal.com/
Maya's Cookies,San Diego,California,5 Cookie Bakeries Worth the Hunt,https://www.mayascookies.com/
Mazelin Family Sorghum,Muddy Pond,Tennessee,Molasses & Cane Syrup Worth the Hunt; Sorghum Syrup Worth the Hunt,https://www.mazelinfamilysorghum.com/
Mazuri,,,Best Duck Feed Worth the Hunt; Turtle & Tortoise Food Worth the Hunt,https://mazuri.com/collections/waterfowl
McCrea's Candies,Boston,Massachusetts,5 Small-Batch Candy Makers Worth the Hunt; Caramels & Toffee Worth the Hunt,https://www.mccreascandies.com/
McEvoy Ranch,Petaluma,California,5 Single-Estate Olive Oils Worth the Hunt,https://mcevoyranch.com/
MealPro,,,Frozen Prepared Meals Worth the Hunt,https://www.mealpro.net/
Meat N' Bone,,,Worcestershire & Steak Sauce Worth the Hunt,https://meatnbone.com/products/craft-worcestershire-sauce
Mekhala,,,Thai Curry Paste Worth the Hunt,https://mekhalaliving.com/product/organic-thai-red-curry-paste/
Melt Organic,Boise,Idaho,Plant-Based Butter Worth the Hunt,https://meltorganic.com/
Mendy's Kosher Delicatessen,New York,New York,Kosher Prepared & Deli Meals Worth the Hunt,https://www.mendysdeli.com/
Merline's,,,Scotch Bonnet & Pepper Sauce Worth the Hunt,https://www.merlines.com/
Metzer Farms,,,Best Duck Feed Worth the Hunt,https://www.metzerfarms.com/
Mezzetta,American Canyon,California,Pesto Worth the Hunt,https://www.mezzetta.com/
Mi Great Lakes Fish Co.,,,Trout & Freshwater Fish Worth the Hunt,https://migreatlakesfish.com
Miami Fruit,,,Exotic & Tropical Fruit Worth the Hunt,https://miamifruit.org
Michael's of Brooklyn,Brooklyn,New York,Vodka & Pink Sauce Worth the Hunt,https://www.michaelsofbrooklyn.com/products/vodka-sauce
Mighty Cap Mushrooms,Paso Robles,California,Fresh Gourmet Mushrooms Worth the Hunt,https://mightycapmushrooms.com/
Mike's Organic Curry Love,,,Thai Curry Paste Worth the Hunt,https://currylove.com/
MìLà,Bellevue,Washington,5 Regional Frozen Foods Worth the Hunt; Frozen Dumplings & Potstickers Worth the Hunt,https://eatmila.com/
Mill Creek Apiary,,,5 Raw Honey Makers Worth the Hunt,https://millcreekapiary.com/
Millican Pecan,San Saba,Texas,Brittle & Nut Confections Worth the Hunt,https://millicanpecan.com/
Milwaukee Pretzel Co.,Milwaukee,Wisconsin,5 Artisan Pretzel Makers Worth the Hunt,https://www.milwaukeepretzel.com/
Mina,,,Capers & Caperberries Worth the Hunt; Harissa Worth the Hunt; Preserved Lemon Worth the Hunt,https://mina.co/products/caperberries
Mindo Chocolate Makers,Dexter,Michigan,Cocoa & Cacao Powder Worth the Hunt,https://mindochocolate.com/
Minerva Dairy,Minerva,Ohio,Craft Butter Makers Worth the Hunt,https://minervadairy.com/
Miss Jones Baking Co.,,,Frosting & Icing Worth the Hunt,https://missjones.co/collections/frosting
Mita's Italian Ice,,,Italian Ice & Sorbetto Worth the Hunt,http://www.mitasitalianice.com/
Mixed Up Foods,,,5 Small-Batch Nut Butter Makers Worth the Hunt,https://mixedupnutbutter.com/
Miyoko's Creamery,Petaluma,California,Plant-Based Butter Worth the Hunt,https://www.miyokos.com/
Mizuba Tea Co.,Portland,Oregon,"Green Tea (Sencha, Gyokuro) Worth the Hunt; 5 Ceremonial Matcha Sources Worth the Hunt",https://mizubatea.com/
Mochidoki,New York,New York,Mochi Ice Cream Worth the Hunt,https://mochidoki.com/
Modernist Pantry,Eliot,Maine,Gelatin & Pectin Worth the Hunt,https://modernistpantry.com/categories/ingredients/gelation.html
Moku Foods,,,Plant & Mushroom Jerky Worth the Hunt; The Glass Case — 5 Plant-Only Makers,https://mokufoods.com/
Montana Gluten Free,,,Oats & Hot Cereal Worth the Hunt,https://montanaglutenfree.com/
Montauk Beverage Works,Riverhead,New York,Kosher Juice & Iced Tea Worth the Hunt,https://www.montaukbev.com/
Moose Lake Wild Rice,Deer River,Minnesota,Wild Rice Worth the Hunt,https://mooselakewildrice.com/
Moromi,North Stonington,Connecticut,Best Soy Sauce & Tamari Worth the Hunt,https://moromishoyu.com
Morse Farm Sugarworks,Montpelier,Vermont,5 Real Maple Syrup Producers Worth the Hunt,https://www.morsefarm.com/
Mother Earth Products,Harrisonburg,Virginia,Berries Worth the Hunt; Carrots Worth the Hunt; Dried & Freeze-Dried Vegetables Worth the Hunt,https://motherearthproducts.com/
MOTHER Shrub,,,Shrubs & Drinking Vinegars Worth the Hunt,https://mothershrub.com/
Mother-in-Law's,,,Kimchi Worth the Hunt,https://milkimchi.com/
Mountain America Jerky,Denver,Colorado,5 Small-Batch Jerky Makers Worth the Hunt,https://mountainamericajerky.com/
Mountain Rose Herbs,Eugene,Oregon,Herbal & Wellness Tea Worth the Hunt,https://mountainroseherbs.com/
Mountain Valley Spring Water,Hot Springs,Arkansas,Sparkling Water & Seltzer Worth the Hunt,https://www.mountainvalleyspring.com/
Muddy Pond Sorghum,Muddy Pond,Tennessee,Molasses & Cane Syrup Worth the Hunt; Sorghum Syrup Worth the Hunt,https://muddypondsorghum.com/
Mushroom Mountain,Easley,South Carolina,Mushroom Grow Kits Worth the Hunt,https://mushroommountain.com/
Muuna,,,Cottage Cheese Worth the Hunt,https://muuna.com/
My Cookie Dealer,Long Island,New York,Protein Cookies & Bites Worth the Hunt,https://mycookiedealer.com/
My Grandma's of New England,,,Muffins & Quick Breads Worth the Hunt,https://www.mygrandma.com/
Myers of Keswick,,,Mince Pies & Mincemeat Worth the Hunt,https://myersofkeswick.com/search?q=mince
Mymouné (via Maureen Abood Market),,,Pomegranate Molasses Worth the Hunt,https://shop.maureenabood.com/products/pomegranate-molasses
MyTriniGrocery,,,Salt Cod & Saltfish Worth the Hunt,https://www.mytrinigrocery.com/
NadaMoo!,Austin,Texas,Sorbet & Dairy-Free Frozen Worth the Hunt,https://nadamoo.com/
Nana Joes Granola,San Francisco,California,5 Small-Batch Granola Makers Worth the Hunt,https://nanajoes.com/
Nana Tay Tay's British Bakery (via Merlin's Market),Minneapolis,Minnesota,Mince Pies & Mincemeat Worth the Hunt,https://www.merlinsmarket.us/products/british-mince-pies
Nancy's (Springfield Creamery),Eugene,Oregon,Cottage Cheese Worth the Hunt; Cream Cheese & Fresh Spreads Worth the Hunt; Sour Cream & Crème Fraîche Worth the Hunt,https://nancys.com/
Narragansett Creamery,Providence,Rhode Island,Burrata & Fresh Mozzarella Worth the Hunt; Feta Worth the Hunt,http://www.richeeses.com/
Nasonville Dairy,Marshfield,Wisconsin,Cheese Curds Worth the Hunt,https://nasonvilledairy.com/
Natalie's Orchid Island Juice,Fort Pierce,Florida,Lemonade & Limeade Worth the Hunt,https://www.natalies.com/products/natural-lemonade
Native Forest (Edward & Sons),,,Coconut Milk Worth the Hunt,https://store.edwardandsons.com/
Native Harvest,White Earth Nation,Minnesota,5 Heritage Rice & Grain Growers Worth the Hunt; Wild Rice Worth the Hunt,https://nativeharvest.com/
Native Seeds/SEARCH,Tucson,Arizona,5 Heirloom Bean Growers Worth the Hunt,https://www.nativeseeds.org/
Native Vanilla,,,Vanilla Bean & Paste Worth the Hunt,https://nativevanilla.com/products/extract-vanilla-beans-whole-pods-grade-b-4-6-inches
Natural Value,,,Coconut Milk Worth the Hunt,https://www.naturalvalue.com/
Nature's Flavors,Orange,California,Natural Food Coloring Worth the Hunt,https://www.naturesflavors.com/collections/organic-food-coloring
Nature's Gourmet Farm,,,Pasture-Raised Eggs Worth the Hunt,https://naturesgourmetfarm.com/store/pastured-eggs
Nature's Greatest Foods,,,Coconut Milk Worth the Hunt,https://naturesgreatestfoods.com/
Nature's Turn,Los Angeles,California,Melons Worth the Hunt,https://naturesturn.com/
Nautical Farms,,,Kombu & Kelp Worth the Hunt,https://www.nauticalfarms.com/
Nekutli,,,Agave & Cactus Syrup Worth the Hunt,https://www.agavenectar.com/
New Country Organics,,,Best Organic Chicken Feed Worth the Hunt,https://www.newcountryorganics.com/
New Glarus Bakery,New Glarus,Wisconsin,Croissants & Pastry Worth the Hunt,https://newglarusbakery.com/
New Life Spectrum,,,Best Aquarium Fish Food Worth the Hunt,https://www.feedspectrum.com/products/nlsmarinefish
New York Mushroom Company,Lebanon,New York,Fresh Gourmet Mushrooms Worth the Hunt,https://nymushrooms.com/
New York Shuk,Brooklyn,New York,Dukkah Worth the Hunt; Harissa Worth the Hunt; Preserved Lemon Worth the Hunt; Ras el Hanout & North African Blends Worth the Hunt; Za'atar Worth the Hunt,https://www.nyshuk.com/shop-shuk/pistachio-dukkah
Nichols Farm & Orchard,Marengo,Illinois,Apples Worth the Hunt,https://www.nicholsfarm.com/
Nick's Sticks,,,Meat Sticks & Snack Sticks Worth the Hunt,https://nicks-sticks.com/
Nielsen-Massey,Waukegan,Illinois,"Almond, Mint & Baking Extracts Worth the Hunt",https://nielsenmassey.com/products/pure-almond-extract/
Nielsen-Massey Vanillas,Waukegan,Illinois,"Kosher Baking: Chocolate, Vanilla & Flour Worth the Hunt",https://nielsenmassey.com/
NoBaked Cookie Dough,Nashville,Tennessee,Edible & Bake Cookie Dough Worth the Hunt,https://nobakedcookiedough.com/
Noor Vitamins,,,Halal Vitamins & Supplements Worth the Hunt,https://www.noorvitamins.com/
Nordic Creamery,Westby,Wisconsin,Craft Butter Makers Worth the Hunt; 5 Cultured Butters Worth the Hunt,https://www.nordiccreamery.com/products.php?cat=Natural+Butter
North Bay Trading Co.,Brule,Wisconsin,Dried & Freeze-Dried Vegetables Worth the Hunt; Onions & Shallots Worth the Hunt; Winter Squash Worth the Hunt,https://www.northbaytrading.com/
North Bay Trading Co. (Air-Dried Carrots & Beets),Brule,Wisconsin,Root Vegetables Worth the Hunt,https://www.northbaytrading.com/
North Spore,Portland,Maine,Mushroom Grow Kits Worth the Hunt; 5 Specialty Mushroom Sources Worth the Hunt,https://northspore.com/
Northern Waters Smokehaus,Duluth,Minnesota,5 Smoked Fish Makers Worth the Hunt,https://nwsmokehaus.com/
NorthFin,,,Best Aquarium Fish Food Worth the Hunt,https://www.northfin.com/
Northstar Bison,Cameron,Wisconsin,Bison & Buffalo Worth the Hunt,https://northstarbison.com/
Northwest Wild Foods,,,Frozen Fruit Worth the Hunt; Lingonberry & Nordic Preserves Worth the Hunt,https://nwwildfoods.com/
Norwegian Baked,Brooklyn,New York,Crispbread & Knäckebröd Worth the Hunt,https://www.norwegianbaked.com/
Norwich Meadows Farm,Norwich,New York,Farm Box Worth the Hunt,https://norwichmeadowsfarm.com/collections/farm-box
Nourished By Jesz,,,Sofrito & Recaito Worth the Hunt,https://www.etsy.com/shop/NourishedByJesz
Nu Life Market,Scott City,Kansas,Amaranth & Sorghum Grain Worth the Hunt,https://nulifemarket.com/
Nuchas,New York,New York,Frozen Appetizers & Snacks Worth the Hunt,https://nuchas.com/
Nuestra Nostalgia,El Paso,Texas,Dulce de Leche Worth the Hunt,https://www.nuestranostalgia.com/
Nutiva,,,Coconut Flour Worth the Hunt; Hemp Seeds Worth the Hunt,https://www.nutiva.com/
Nutristore,,,Dried & Freeze-Dried Vegetables Worth the Hunt,https://nutristore.com/
Nuts For Cheese,,,The Glass Case — 5 Plant-Only Makers,https://nutsforcheese.com/
Nuts.com,Cranford,New Jersey,Chocolate-Covered Nuts & Fruit Worth the Hunt; Kosher Nuts & Dried Fruit Worth the Hunt; Trail Mix Worth the Hunt,https://nuts.com/
NW Wild Foods,,,Fresh Cranberries Worth the Hunt,https://nwwildfoods.com/products/fresh-frozen-organic-cranberries
O'food (Chung Jung One),,,Gochujang Worth the Hunt,https://ofoodusa.com/products/ofood-gochujang-korean-chili-sauce
O'Shea's Candies,Ligonier,Pennsylvania,Marzipan & Nougat Worth the Hunt,https://www.osheascandies.com/
Oaktown Spice Shop,Oakland,California,"Chili Powder & Taco Seasoning Worth the Hunt; Coriander & Fennel Seed Worth the Hunt; Cumin Worth the Hunt; Curry Powder & Masala Worth the Hunt; Everything & All-Purpose Seasoning Worth the Hunt; Chinese Five-Spice & Asian Blends Worth the Hunt; Preserved Tomatoes Worth the Hunt; Jerk Seasoning Worth the Hunt; Nutmeg, Cloves & Warm Spice Worth the Hunt; Ras el Hanout & North African Blends Worth the Hunt; Paprika & Smoked Paprika Worth the Hunt",https://oaktownspiceshop.com/
Oasis Date,Thermal,California,Dates Worth the Hunt,https://oasisdate.com/
Oaxaca 2 Go,San Jose,California,Mole Paste Worth the Hunt,https://oaxacatogo.com/products/mole-negro-black-mole
Oberweis Dairy,North Aurora,Illinois,Small Dairies Worth the Hunt,https://www.oberweis.com/about-home-delivery
Ocean's Balance,,,Kombu & Kelp Worth the Hunt; Wakame & Dulse Worth the Hunt,https://oceansbalance.com/
Oh! Nuts,,,Halva Worth the Hunt; Kosher Nuts & Dried Fruit Worth the Hunt; Nut Clusters & Brittle Bites Worth the Hunt,https://ohnuts.com/collections/halva
Old Dog Ranch,San Joaquin Valley,California,5 Walnut Growers Worth the Hunt,https://www.olddogranch.com/
Old Ways Tea,,,5 Independent Tea Companies Worth the Hunt,https://oldwaystea.com/
Old West Cinnamon Rolls,Pismo Beach,California,Cinnamon Rolls & Sweet Buns Worth the Hunt,https://oldwestcinnamonrolls.com/
Olea Farm,,,Table Olives Worth the Hunt,https://www.oleafarm.com/shop/gils-gourmet-castelvetrano-olives
Olive My Pickle,Jacksonville,Florida,Live Fermented Vegetables Worth the Hunt; Kosher Pickles & Deli Condiments Worth the Hunt; Pickled Garlic & Ginger Worth the Hunt; Pickled Vegetable Medleys Worth the Hunt; Sauerkraut Worth the Hunt,https://www.olivemypickle.com/
Oliver Farm Artisan Oils,Pitts,Georgia,Cooking Oil Worth the Hunt,https://oliverfarm.com/
OlyKraut,Olympia,Washington,Live Fermented Vegetables Worth the Hunt,https://olykraut.com/
Olympia Provisions,Portland,Oregon,Coppa & Capicola Worth the Hunt; Deli & Ham Worth the Hunt; Mortadella & Cooked Charcuterie Worth the Hunt; Pate & Mousse Worth the Hunt; Pepperoni Worth the Hunt; Rillettes & Potted Meat Worth the Hunt; Saucisson & Dry Salami Worth the Hunt,https://www.olympiaprovisions.com/collections/deli-meats
Oma's Pride,,,Fresh & Raw Cat Food Worth the Hunt; Fresh & Raw Dog Food Worth the Hunt,https://omaspride.com/products/raw-food-for-cats
Omsom,,,Stir-Fry & All-Purpose Sauces Worth the Hunt,https://www.amazon.com/Chinese-Omsom-Marinade-Gluten-Free-Presevatives/dp/B08YSCWRVD
On Our Own Homestead,,,Worcestershire & Steak Sauce Worth the Hunt,https://www.onourownhomestead.com/
Once Again Nut Butter,Nunda,New York,Peanut Butter Worth the Hunt; Tahini Worth the Hunt,https://onceagainnutbutter.com/
One Acre,,,5 Small-Batch Jerky Makers Worth the Hunt,https://oneacreiowa.com/
One Stop German Shop,,,Braised Red Cabbage & Rotkohl Worth the Hunt; Remoulade & German Condiments Worth the Hunt; Spaetzle & German Egg Noodles Worth the Hunt,https://onestopgermanshop.com/products/hengstenberg-red-cabbage-rotessa-jar
One Stop Halal,Los Angeles,California,"Halal Beef Bacon & Breakfast Meats Worth the Hunt; Halal Raw Pet Food Worth the Hunt; Halal Pizza, Lahmacun & Flatbread Worth the Hunt; Halal Seafood Worth the Hunt; Halal Wagyu & Premium Steak Worth the Hunt",https://onestophalal.com/
One Stripe Chai Co,Portland,Oregon,Chai & Concentrate Worth the Hunt,https://onestripechai.com/
Oneg Bakery,Brooklyn,New York,Kosher Challah & Bakery Worth the Hunt,https://www.onegbakery.com/
Onyx Coffee Lab,Rogers,Arkansas,Decaf Coffee Worth the Hunt; Espresso Roasts Worth the Hunt; Single-Origin & Micro-Lot Coffee Worth the Hunt,https://onyxcoffeelab.com/
Open Water,,,Sparkling Water & Seltzer Worth the Hunt,https://drinkopenwater.com/
Oregon Brineworks,Hood River,Oregon,Live Fermented Vegetables Worth the Hunt; Pickled Onions & Beets Worth the Hunt; 5 Small-Batch Ferment Makers Worth the Hunt,https://oregonbrineworks.com/
Oregon Mushrooms,,,Dried Mushrooms Worth the Hunt; 5 Specialty Mushroom Sources Worth the Hunt,https://oregonmushrooms.com/
Oregon Mushrooms Corporation,Klamath Falls,Oregon,Fresh Truffles (Seasonal) Worth the Hunt,https://oregonmushrooms.com/product/fresh-black-oregon-truffles/
Ortiz,,,Tinned Anchovies Worth the Hunt,https://brindisa.com/products/ortiz-salted-whole-anchovies-100g
Otto's Naturals,,,Cassava & Tapioca Flour Worth the Hunt,https://www.ottosnaturals.com/
Our Home Place Meat,,,Veal Worth the Hunt,https://ourhomeplacemeat.com/
Out Grow,,,5 Specialty Mushroom Sources Worth the Hunt,https://www.outgrow.com/
Oxbow Animal Health,,,Best Chinchilla Food Worth the Hunt; Best Guinea Pig Food Worth the Hunt; Best Hamster & Gerbil Food Worth the Hunt; Rabbit & Small-Animal Food Worth the Hunt,https://oxbowanimalhealth.com/
Palouse Brand,Pullman,Washington,Bulgur & Cracked Wheat Worth the Hunt; Chickpea & Gram Flour Worth the Hunt; Dal & Lentils Worth the Hunt,https://palousebrand.com/blogs/recipes/how-to-make-bulgur
Pan's Mushroom Jerky,,,Plant & Mushroom Jerky Worth the Hunt,https://www.mushroomjerky.com/
Pandan Market,Chicago,Illinois,"Kaffir Lime & Thai Herbs Worth the Hunt; Lemongrass, Galangal & Thai Aromatics Worth the Hunt; Palm & Coconut Sugar (Gula) Worth the Hunt; Rice Paper & Spring Roll Wrappers Worth the Hunt; Shrimp Paste & Belacan Worth the Hunt; Tamarind & Sour Pastes Worth the Hunt; Vietnamese Noodles (Bun, Banh Pho) Worth the Hunt",https://pandanmarket.com/
Pangea,,,Reptile Food Worth the Hunt,https://www.pangeareptile.com/
Pangea Ferments,Bay Area,California,Curtido & Latin Slaws Worth the Hunt,https://www.pangeaferments.com/
Papabubble,Houston,Texas,Lollipops & Hard Candy Worth the Hunt,https://papabubble.com/
Pappardelle's Pasta,Denver,Colorado,Fresh Pasta Worth the Hunt; 5 Artisan Pasta Makers Worth the Hunt,https://pappardellespasta.com/
Pappas Seafood,Baltimore,Maryland,Tartar & Remoulade Worth the Hunt,https://pappascrabcakes.com/
Paradigm Foodworks,,,Lemon & Fruit Curd Worth the Hunt,https://www.paradigmfoodworks.com/products/lemon-curd-1
Parker's British Foods (GBI),,,Custard & Pudding Sauce Worth the Hunt; Digestives & Tea Biscuits Worth the Hunt,https://parkersgbi.com/products/birds-original-custard-powder
ParmaShop,,,Parmesan Worth the Hunt,https://www.parmashop.com/en/collections/parmigiano-reggiano-pdo
Partake Foods,Jersey City,New Jersey,5 Cookie Bakeries Worth the Hunt,https://partakefoods.com/
Pasolivo,Paso Robles,California,Table Olives Worth the Hunt,https://www.pasolivo.com/products/castelvetrano-olives
Pastosa,Brooklyn,New York,Artichoke Hearts & Marinated Veg Worth the Hunt,https://shop.pastosa.com/
Pasture Prime Family Farm,,,Pork Worth the Hunt,https://www.pastureprimewagyu.com/pasture-raised-pork/
Pasture Provisions Co,,,Lamb Worth the Hunt,https://pastureprovisionsco.com/
Pat LaFrieda,North Bergen,New Jersey,Hot Dogs & Franks Worth the Hunt,https://shop.lafrieda.com/
Path Coffee Roasters,Port Chester,New York,"Kosher Coffee, Spice & Pantry Specialty Worth the Hunt",https://pathcoffees.com/
Pearson Farm,Fort Valley,Georgia,Fresh Pecans Worth the Hunt,https://pearsonfarm.com/collections/pecans
Pearson Ranch,,,Specialty Citrus Growers Worth the Hunt; Yuzu & Japanese Citrus Worth the Hunt,https://www.pearsonranch.com/collections/buy-meyer-lemons-online
Pearson Ranch Jerky,,,5 Small-Batch Jerky Makers Worth the Hunt,https://www.pearsonranchjerky.com/
Pelleh Poultry,Swan Lake,New York,Kosher Meat & Deli Worth the Hunt,https://pellehpoultry.com/
Pennsylvania Macaroni Co.,Pittsburgh,Pennsylvania,Canned Tomatoes Worth the Hunt,https://www.pennmac.com/page/549/
Penzeys,,,Ginger Worth the Hunt,https://www.penzeys.com/online-catalog/crystallized-ginger/c-24/p-1489/pd-s
Pequod's Pizza,Chicago,Illinois,Frozen Pizza Worth the Hunt,https://pequodspizza.com/
Pereg Natural Foods,Clifton,New Jersey,"Kosher Grains, Quinoa & Couscous Worth the Hunt",https://www.pereg-gourmet.com/
Perfect Blends,,,Pikliz & Haitian Condiments Worth the Hunt,https://myperfectblends.com/products/pikliz
Perfect Prey,,,Best Snake Food & Frozen Feeders Worth the Hunt,https://www.perfectprey.com/
Petee's Pie Company,New York,New York,Pie Worth the Hunt,https://www.peteespie.com/
Peter Luger,Brooklyn,New York,Steak & Brown Sauce Worth the Hunt,https://www.peterluger.com/
Peterson Organic Feeds,Mountain Grove,Missouri,Best Goat Feed & Minerals Worth the Hunt,https://www.petersonorganicfeeds.com/
PF Bakeries,San Diego,California,Halal Bread & Flatbread Worth the Hunt,https://www.pfbakeries.com/
PG Tropicals,Homestead,Florida,Guava Paste Worth the Hunt,https://www.facebook.com/PGTropicals/
Philadelphia's Famous Italian Ices,Philadelphia,Pennsylvania,Italian Ice & Sorbetto Worth the Hunt,https://www.famousitalianices.com/
Phoenix Bean,Chicago,Illinois,5 Craft Tofu & Tempeh Makers Worth the Hunt,https://www.phoenixbean.com/
Pie Bar,,,Frozen Pot Pies Worth the Hunt,https://orderpiebar.com/
Pies by Julie,Atlanta,Georgia,Pie Crust & Dough Worth the Hunt,https://pies-by-julie.myshopify.com/products/frozen-unbaked-pie-crust
Pigeon Cove Ferments,Gloucester,Massachusetts,Sauerkraut Worth the Hunt,https://pigeoncoveferments.com/products/simply-kraut-online
Pik-Nik Foods,,,"Kosher Chips, Pretzels & Crackers Worth the Hunt",http://pik-nik.com/
Pilsudski Mustard,Reading,Pennsylvania,5 Artisan Mustard Makers Worth the Hunt,https://pilsudskimustard.com/
Pineland Farms (via Maine Lobster Now),New Gloucester,Maine,Sweet Corn Worth the Hunt,https://www.mainelobsternow.com/products/fresh-corn
Pinole Blue,Wichita,Kansas,5 Regional Chip Makers Worth the Hunt,https://pinoleblue.com/
Pinoy Groseri,,,Longganisa & Filipino Sausage Worth the Hunt,https://pinoygroseri.com/
Pipcorn,Bethlehem,Pennsylvania,5 Small-Batch Popcorn Makers Worth the Hunt,https://www.pipsnacks.com/
Pirro's Sauce,,,Pizza Sauce Worth the Hunt; Vodka & Pink Sauce Worth the Hunt,https://www.pirrossauce.com/products/pizza-sauce
Pisqueya,,,Sazón & Adobo Worth the Hunt,https://pisqueya.com/
Pistol River Mushroom Farm,Gold Beach,Oregon,Dried Mushrooms Worth the Hunt,https://pistolrivermushrooms.com/
Pizzana,Los Angeles,California,Frozen Pizza Worth the Hunt,https://pizzana.com/
Pleasant Lane Farms,Latrobe,Pennsylvania,Quark & Fresh Curd Worth the Hunt,https://www.pleasantlanefarms.com/
Ploughgate Creamery,Fayston,Vermont,Compound & Finishing Butter Worth the Hunt; 5 Cultured Butters Worth the Hunt,https://ploughgate.com/
Poco Bero,,,Pizza Dough & Crust Worth the Hunt,https://pocobero.com/products/ny-dough
Point Reyes Farmstead Cheese Company,Point Reyes,California,Blue Cheese Worth the Hunt; Pimento Cheese & Spreads Worth the Hunt,https://pointreyescheese.com/
Poirier's,Youngsville,Louisiana,Cane Syrup & Steen's-style Worth the Hunt,https://realcanesyrup.com/
Pok Pok Som,Portland,Oregon,Shrubs & Drinking Vinegars Worth the Hunt,https://www.pokpoksom.com/
Pomona Organic,,,Carrots Worth the Hunt,https://www.pomonaorganic.com/products/carrot-juice
Pomona's Universal Pectin,,,Gelatin & Pectin Worth the Hunt,https://pomonapectin.com/order/
Poor Devil Pepper Co.,Hudson,New York,Fermented Hot Sauce Worth the Hunt,https://poordevilpepperco.com/
Pop's Golden Gems,,,Dried Shrimp & Scallop Worth the Hunt,https://popsgoldengems.com/
Porter Road,Nashville,Tennessee,5 Small-Smokehouse Bacon Makers Worth the Hunt; Ground Meat & Meatball Blends Worth the Hunt,https://porterroad.com/
Portland Syrups,Portland,Oregon,Cordials & Drink Syrups Worth the Hunt,https://www.amazon.com/Portland-Syrups-Rose-Cordial-Syrup/dp/B08ML8334X
Portlandia Foods,,,Ketchup Worth the Hunt,https://portlandiafoods.com/
Porto's Bakery,Glendale,California,Empanada & Hand-Pie Discs Worth the Hunt; Frozen Appetizers & Snacks Worth the Hunt; Croissants & Pastry Worth the Hunt,https://store.portosbakery.com/
Pot-Caught Octopus From a Real Counter,New York,New York,5 Real Places to Buy Octopus Online,https://www.lpssnyc.com/product/octopus/
Potluck Market,,,Ssamjang & Wrap Sauce Worth the Hunt,https://potluckmarket.com/
Potter's Crackers,Fitchburg,Wisconsin,5 Artisan Cracker Makers Worth the Hunt,https://www.potterscrackers.com/
Poulin Grain,,,Best Goat Feed & Minerals Worth the Hunt,https://www.poulingrain.com/products/227/goat-mineral
Prairie Fruits Farm & Creamery,Champaign,Illinois,Goat Cheese Worth the Hunt,https://www.prairiefruits.com/
Pratt Standard,Washington,District of Columbia,Cocktail Mixers & Syrups Worth the Hunt,https://www.prattstandard.com/
Premier Catch,,,Shrimp Worth the Hunt,https://www.premiercatch.com/
Premier1Supplies,Washington,Iowa,Best Goat Feed & Minerals Worth the Hunt,https://www.premier1supplies.com/p/goat-trace-mineral-premix
Pressed,,,Juice Worth the Hunt,https://pressed.com/
Price Seafood Inc.,Chauvin,Louisiana,Dried Shrimp & Scallop Worth the Hunt,https://www.priceseafoodinc.com/
Primal Pastures,Murrieta,California,Chicken Worth the Hunt; Hot Dogs & Franks Worth the Hunt; Lamb Worth the Hunt; 5 Small-Batch Sausage Makers Worth the Hunt,https://primalpastures.com/
Primavera Walnuts,Linden,California,Halal Walnuts & Nuts Worth the Hunt,https://primaverawalnuts.com/
Prodigal Coffee,Boulder,Colorado,Single-Origin & Micro-Lot Coffee Worth the Hunt,https://getprodigal.com/
Prommus,,,Hummus & Dips Worth the Hunt,https://prommus.com/
Proper Pepper,Sandersville,Georgia,Pimento Cheese & Spreads Worth the Hunt,https://www.properpepper.com/
Proper's Pickle,Long Beach,California,Escabeche & Pickled Jalapenos Worth the Hunt,https://properspickle.com/
Pryme Meals,Chicago,Illinois,Halal Meal Prep & Chef-Made Meals Worth the Hunt,https://www.prymemeal.com/
Purcell Mountain Farms,Moyie Springs,Idaho,Amaranth & Sorghum Grain Worth the Hunt; Freekeh Worth the Hunt,https://purcellmountainfarms.com/
Purdy's Macadamia Nut Farm,,,Macadamia Nuts Worth the Hunt,https://www.purdysnuts.com/
Pure Indian Foods,Princeton,New Jersey,Curry Powder & Masala Worth the Hunt; Dal & Lentils Worth the Hunt; Garam Masala Worth the Hunt; Ghee Worth the Hunt; Jaggery & Panela Worth the Hunt; Mango Chutney Worth the Hunt; Tamarind Worth the Hunt,https://www.pureindianfoods.com/
Purely Elizabeth,Boulder,Colorado,The Glass Case — 5 Certified-Organic Makers,https://purelyelizabeth.com/
Purity Coffee,,,5 Small-Roaster Coffees Worth the Hunt,https://www.puritycoffee.com/
Quince & Apple,Madison,Wisconsin,Pie Filling & Fruit Preserves for Baking Worth the Hunt,https://www.quinceandapple.com/collections/all/preserves
R&R Cultivation,Ham Lake,Minnesota,Fresh Gourmet Mushrooms Worth the Hunt,https://rrcultivation.com/
Raaka Chocolate,Brooklyn,New York,5 Bean-to-Bar Chocolate Makers Worth the Hunt; The Glass Case — 5 Plant-Only Makers,https://www.raakachocolate.com/
Rabbit Hole Hay,,,Rabbit & Small-Animal Food Worth the Hunt,https://www.rabbitholehay.com/
Rachel's Ginger Beer,Seattle,Washington,Ginger Beer & Botanical Soda Worth the Hunt,https://www.rachelsgingerbeer.com/
RAFT Cocktails,NE Portland,Oregon,Cordials & Drink Syrups Worth the Hunt,https://raftsyrups.com/products/250ml-lemon-ginger
Rainbow Mealworms,,,Live Feeder Insects Worth the Hunt,https://www.rainbowmealworms.net/
Ramar Foods,Pittsburg,California,Longganisa & Filipino Sausage Worth the Hunt; Sukang (Filipino Cane Vinegar) Worth the Hunt; Ube & Purple Yam Worth the Hunt,https://www.ramarfoods.com/
Rambler Sparkling Water,Austin,Texas,Sparkling Water & Seltzer Worth the Hunt,https://ramblersparklingwater.com/
Ramini Mozzarella,Tomales,California,Fresh Mozzarella Worth the Hunt,https://www.raminimozzarella.com/
Ramona Farms,Sacaton,Arizona,5 Heirloom Bean Growers Worth the Hunt,https://ramonafarms.com/
Rancho Gordo,Napa,California,Dal & Lentils Worth the Hunt; Best Dried Chiles Worth the Hunt; Hominy & Pozole Corn Worth the Hunt,https://www.ranchogordo.com/
Rancho Gordo (Stoneground / Xoxoc),,,Best Mexican Chocolate Worth the Hunt,https://www.ranchogordo.com/products/chocolate-stoneground-chocolate
Rancho Meladuco Date Farm,Coachella Valley,California,Dates Worth the Hunt,https://ranchomeladuco.com/
Randall Beans,,,Canned & Jarred Beans Worth the Hunt,https://www.randallbeans.com/
Rani Brand,,,Atta Flour (Chapati / Roti Flour) Worth the Hunt; Tamarind Worth the Hunt; Indian Cooking Sauce Worth the Hunt,https://ranibrand.com/products/rani-chapati-flour-100-pure-whole-wheat-chakki-atta-for-making-roti-indian-breads-160oz-10lbs-4-54kg-bulk-stone-ground-all-natural-vegan-no-salt-or-colors-non-gmo-indian-origin
Rappahannock Oyster Co.,Topping,Virginia,Clams Worth the Hunt; Oysters Worth the Hunt,https://rroysters.com
Rasa,Boulder,Colorado,Chicory & Coffee Alternatives Worth the Hunt,https://wearerasa.com/
Raw Juicery,,,Juice Worth the Hunt,https://rawjuicery.com/
Raw Paws Pet Food,,,Best Ferret Food Worth the Hunt,https://rawpawspetfood.com/
Raye's Mustard,,,5 Artisan Mustard Makers Worth the Hunt,https://rayesmustard.com/
RC Fine Foods,,,Custard & Pudding Sauce Worth the Hunt,https://rcfinefoods.com/product/creme-anglaise-sauce-mix/
Real Good Fish,Moss Landing,California,Crab Worth the Hunt; Cod & White Fish Worth the Hunt,https://www.realgoodfish.com
Real Pickles,Greenfield,Massachusetts,Carrots Worth the Hunt; Live Fermented Vegetables Worth the Hunt,https://realpickles.com/product/organic-ginger-carrots/
Real Wasabi,,,Real Wasabi Worth the Hunt,https://realwasabi.com/
Rebel Cheese,Austin,Texas,Plant-Based Cheese Worth the Hunt,https://rebelcheese.com/
Rebel Raw,,,Fresh & Raw Cat Food Worth the Hunt; Fresh & Raw Dog Food Worth the Hunt,https://rebelraw.com/collections/cat-food
Recchiuti Confections,San Francisco,California,Chocolate Truffles Worth the Hunt,https://www.recchiuti.com/
Red Bay Coffee,Oakland,California,Espresso Roasts Worth the Hunt,https://www.redbaycoffee.com/
Red Blossom Tea Company,San Francisco,California,"Green Tea (Sencha, Gyokuro) Worth the Hunt; Oolong Tea Worth the Hunt; Pu-erh & Aged Tea Worth the Hunt",https://redblossomtea.com/
Red Boat,,,Best Fish Sauce Worth the Hunt,https://redboatfishsauce.com
Red Clay Hot Honey,Charleston,South Carolina,5 Small-Batch Hot Honeys Worth the Hunt,https://redclayhotsauce.com/
Red Clay Southern Chili Crisp,Charleston,South Carolina,5 Small-Batch Chili Crisps Worth the Hunt,https://redclayhotsauce.com/products/southern-chili-crisp
Red Jacket Orchards,Geneva,New York,Kosher Juice & Iced Tea Worth the Hunt,https://www.redjacketorchards.com/
Red Lake Nation Foods,Red Lake,Minnesota,Wild Rice Worth the Hunt,https://redlakenationfoods.com/
Red Root & Co.,,,Shrubs & Drinking Vinegars Worth the Hunt,https://redrootcompany.com/
Red Truck Bakery,Marshall,Virginia,Mince Pies & Mincemeat Worth the Hunt,https://www.goldbelly.com/restaurants/red-truck-bakery/authentic-mincemeat-pie
Red's Best,Boston,Massachusetts,Cod & White Fish Worth the Hunt,https://shop.redsbest.com
Redmond Agriculture,Redmond,Utah,Best Goat Feed & Minerals Worth the Hunt,https://agriculture.redmond.com/products/goat-mineral
Regalis Foods,,,Fresh Truffles (Seasonal) Worth the Hunt; Truffle Honey Worth the Hunt; Truffle Oil Worth the Hunt; Truffle Salt & Seasoning Worth the Hunt,https://www.regalisfoods.com/collections/2023-fresh-truffles
Regional Access,Trumansburg,New York,Puff Pastry Worth the Hunt,https://www.regionalaccess.net/product/puff-pastry-dough-butter-retail-10-14oz/
Remedy Bone Broth,Nashville,Tennessee,5 Small-Maker Bone Broth Makers Worth the Hunt,https://remedybonebroth.com/
REP Provisions,Bentonville,Arkansas,5 Small-Smokehouse Bacon Makers Worth the Hunt; Chicken Worth the Hunt,https://repprovisions.com/
Repashy Superfoods,,,Best Aquarium Fish Food Worth the Hunt; Best Frog & Amphibian Food Worth the Hunt; Reptile Food Worth the Hunt; Turtle & Tortoise Food Worth the Hunt,https://www.repashy.com/
Revonah Pretzel,Hanover,Pennsylvania,5 Artisan Pretzel Makers Worth the Hunt,https://revonahpretzel.com/
Rhapsody Natural Foods,Cabot,Vermont,5 Craft Miso Makers Worth the Hunt; 5 Craft Tofu & Tempeh Makers Worth the Hunt,https://rhapsodynaturalfoods.com/
Rice to Riches,New York,New York,Custard & Pudding Worth the Hunt,https://www.ricetoriches.com/
Rick's Picks,New York,New York,Pickled Vegetable Medleys Worth the Hunt,https://www.rickspicks.com/
Rickey's Jerky,,,5 Small-Batch Jerky Makers Worth the Hunt,https://rickeysjerky.com/
Riemer Family Farm,,,Heritage Turkey Worth the Hunt,https://riemerfamilyfarm.com/thanksgiving-turkeys
Rincon Tropics,Carpinteria,California,Exotic & Tropical Fruit Worth the Hunt,https://www.rincontropics.com
RIND Snacks,,,Fruit Chips & Crisps Worth the Hunt,https://www.rindsnacks.com/
Rishi Tea & Botanicals,Milwaukee,Wisconsin,"Chai & Concentrate Worth the Hunt; Green Tea (Sencha, Gyokuro) Worth the Hunt; Rooibos & Honeybush Worth the Hunt",https://rishi-tea.com/
Ritual Chocolate,Heber City,Utah,5 Craft Drinking Chocolate Makers Worth the Hunt,https://www.ritualchocolate.com/
River Hills Harvest,,,Cordials & Drink Syrups Worth the Hunt,https://www.riverhillsharvest.com/product-page/elderflower-cordial
RodentPro,,,Best Snake Food & Frozen Feeders Worth the Hunt,https://www.rodentpro.com/
Rogue Creamery,Central Point,Oregon,Blue Cheese Worth the Hunt,https://roguecreamery.com/
Ronnie's Giardiniera,Chicago,Illinois,Giardiniera & Pickled Mix Worth the Hunt,https://www.ronniesgiardiniera.com/
Roscioli NYC,New York,New York,Traditional Aged Balsamic Worth the Hunt,https://shop.rosciolinyc.com/product/balsamic-25/578
Roudybush,,,Premium Parrot & Bird Food Worth the Hunt,https://www.roudybush.com/
Route 11 Potato Chips,Mount Jackson,Virginia,5 Regional Chip Makers Worth the Hunt,https://www.rt11.com/
RPs Pasta,Madison,Wisconsin,Fresh Pasta Worth the Hunt,https://www.rpspasta.com/
Rumi Spice,,,Saffron Worth the Hunt; 5 Single-Origin Spice Companies Worth the Hunt,https://www.rumispice.com/
Runamok,Cambridge,Vermont,Kosher Maple Syrup Worth the Hunt,https://runamokmaple.com/
Runamok Maple,Fairfield,Vermont,5 Real Maple Syrup Producers Worth the Hunt,https://runamokmaple.com/
Rupen Rao,Washington,District of Columbia,Curry & Simmer Sauces Worth the Hunt,https://www.rupens.com/
S Ranch Meats,,,Beef Worth the Hunt,https://sranchmeats.com/
Saffron Road,Stamford,Connecticut,Roasted Chickpeas & Bean Snacks Worth the Hunt,https://www.saffronroad.com/
Safie Foods (Homestyle Sweet Pickled Beets),Chesterfield,Michigan,Root Vegetables Worth the Hunt,https://safiefoods.com/
Sahlen's,Buffalo,New York,Deli & Ham Worth the Hunt,https://sahlen.com/
Salad Girl Organics,,,Salad Dressing Worth the Hunt,https://www.saladgirl.com/
Saltverk,,,5 Finishing Salt Makers Worth the Hunt,https://saltverk.com/
SaltWorks,Woodinville,Washington,Fleur de Sel & Sel Gris Worth the Hunt,https://seasalt.com/fleur-de-sel-french-flower-of-salt-pour-spout-pouch
Sam's Caribbean Marketplace,West Hempstead,New York,Ackee Worth the Hunt; Browning & Cooking Caramel Worth the Hunt; Callaloo & Caribbean Greens Worth the Hunt; Pimento & Allspice Worth the Hunt; Salt Cod & Saltfish Worth the Hunt,https://sams24-7.com/
Samai,,,Plantain & Cassava Chips Worth the Hunt,https://www.amazon.com/stores/Samai/PlantainChips/page/B6AD3A24-F93A-4F05-95D7-3E8CE154792B
Samson's Kitchen,,,Halal Pantry & Spices Worth the Hunt,https://samsonskitchen.com/
San-J,,,Best Soy Sauce & Tamari Worth the Hunt,https://san-j.com
Santa Barbara Pistachio Company,Santa Barbara County,California,Pistachios Worth the Hunt,https://www.santabarbarapistachios.com/
Santa Fe (MCM Food),Miami,Florida,Dulce de Leche Worth the Hunt,https://www.mcmfoodcorp.com/
Sarap Now,Los Angeles,California,Banana Ketchup Worth the Hunt; Calamansi Worth the Hunt; Sukang (Filipino Cane Vinegar) Worth the Hunt; Pancit & Filipino Noodles Worth the Hunt; Ube & Purple Yam Worth the Hunt,https://www.sarapnow.com/
Sartori,Plymouth,Wisconsin,Parmesan Worth the Hunt,https://www.sartoricheese.com/
Sauce Shop,,,HP-Style Brown Sauce Worth the Hunt,https://www.sauceshop.co/products/brown-sauce
Savia,,,Aloe & Botanical Drinks Worth the Hunt,https://www.saviausa.com/collections/aloe-vera-drinks
Saw Mill Site Farm,,,Prepared Horseradish Worth the Hunt,https://www.horseradishdirect.com/
Sawmill Herb Farm,Montague,Massachusetts,Fresh Herbs Worth the Hunt,https://www.sawmillherbfarm.com/
Saxelby Cheese,New York,New York,5 Artisan Cheeses Worth the Hunt,https://saxelbycheese.com/
Sayersbrook Bison Ranch,,,Bison & Buffalo Worth the Hunt,https://www.sayersbrook.com/
Scandinavian Shoppe,,,German & Scandinavian Seasoning Worth the Hunt,https://scandinavianshoppe.com/glogg-spices-grandpa-lundquist/
Schimpff's Confectionery,Jeffersonville,Indiana,5 Small-Batch Candy Makers Worth the Hunt,https://schimpffs.com/
Schmackary's,New York,New York,5 Cookie Bakeries Worth the Hunt,https://www.schmackarys.com/
Scotch Boyz,St. Petersburg,Florida,Scotch Bonnet & Pepper Sauce Worth the Hunt,https://www.scotchboyz.com/
Scott Farm Orchard,Dummerston,Vermont,Apples Worth the Hunt,https://www.scottfarmvermont.com/
Scott's of Wisconsin,,,Cheese Spreads & Fondue Worth the Hunt,https://www.scottsofwi.com/
Scout,,,5 Tinned Fish Brands Worth the Hunt,https://enjoyscout.com/
Scrappy's Bitters,Seattle,Washington,Cocktail Bitters Worth the Hunt,https://scrappysbitters.com/
Scratch and Peck Feeds,,,Best Organic Chicken Feed Worth the Hunt; Best Duck Feed Worth the Hunt,https://www.scratchandpeck.com/
Seagate Products,,,Carrots Worth the Hunt,https://www.seagateproducts.com/
Seapoint Farms,Huntington Beach,California,Dried Edamame & Pea Snacks Worth the Hunt,https://seapointfarms.com/
SeaSnax,El Segundo,California,Nori & Seaweed Snacks Worth the Hunt,https://www.seasnax.com/
Seasonal Sips,,,Halal + Organic: Double-Certified Worth the Hunt,https://seasonalsips.com/
Secolari,Ellicott City,Maryland,5 Artisan Vinegar Makers Worth the Hunt,https://www.secolarievoo.com/
Seed + Mill,New York,New York,Halva Worth the Hunt; Kosher Sweets & Chocolate Worth the Hunt; Tahini Worth the Hunt; Za'atar Worth the Hunt,https://www.seedandmill.com/
Seed Oil Company,,,"Walnut, Pumpkin-Seed & Nut Oils Worth the Hunt",https://www.seedoilcompany.com/
Seeds for Generations,Free Union,Virginia,5 Heirloom Seed Companies Worth the Hunt,https://seedsforgenerations.com/
SeedsNow,,,5 Heirloom Seed Companies Worth the Hunt,https://www.seedsnow.com/
Séka Hills,Capay Valley,California,Balsamic Vinegar Worth the Hunt,https://www.sekahills.com/
Selam Foods,Maple Grove,Minnesota,Teff Worth the Hunt,https://selamfoods.com/
Seminole Feed,Ocala,Florida,Best Horse Feed Worth the Hunt,https://seminolefeed.com/
SenAgro,,,Egusi Worth the Hunt,https://senagrousa.com/
Send a Meal,,,Frozen Prepared Vegetables Worth the Hunt,https://sendameal.com/
Seneca Grain & Bean,,,Freekeh Worth the Hunt,https://www.senecagrainandbean.com/
Seven Sisters Scones,Johns Creek,Georgia,Biscuit & Scone Dough Worth the Hunt,https://www.sevensistersscones.com/
Seven Sons Farms,Roanoke,Indiana,Chicken Worth the Hunt; Lamb Worth the Hunt; Pork Worth the Hunt; 5 Regenerative Meat Companies Worth the Hunt,https://sevensons.net/store/pastured-chicken
Severino Homemade Pasta,Westmont,New Jersey,Fresh Pasta Worth the Hunt,https://severinopasta.com/
Sey Coffee,Brooklyn,New York,Single-Origin & Micro-Lot Coffee Worth the Hunt,https://www.seycoffee.com/
Sfoglini,Coxsackie,New York,5 Artisan Pasta Makers Worth the Hunt,https://sfoglini.com/
Shanley Farms,Morro Bay,California,Specialty & Heirloom Citrus Worth the Hunt,https://www.shanleyfarms.com
Shared Cultures,San Francisco,California,5 Craft Miso Makers Worth the Hunt,https://shared-cultures.com/
Sharifa Halal Snacks,Detroit,Michigan,Halal Jerky & Snacks Worth the Hunt,https://sharifahalalsnacks.com/
Shepherd Song Farm,,,Goat Worth the Hunt; Offal & Organ Meats Worth the Hunt,https://shepherdsongfarm.com/
Sherwood Pet Health,,,Best Chinchilla Food Worth the Hunt; Best Guinea Pig Food Worth the Hunt; Best Hamster & Gerbil Food Worth the Hunt; Rabbit & Small-Animal Food Worth the Hunt,https://sherwoodpethealth.com/
Shifaa Nutrition,,,Halal Vitamins & Supplements Worth the Hunt,https://shifaanutrition.com/
Shiloh Farms,,,Oats & Hot Cereal Worth the Hunt; Teff Worth the Hunt,https://shilohfarms.com/
Shirttail Creek Farm,Brenham,Texas,Beef Worth the Hunt,https://shirttailcreekfarm.com/
Sierra Nevada Cheese Co,Willows,California,Sour Cream & Crème Fraîche Worth the Hunt,https://www.sierranevadacheese.com/
Sierra Nevada Cheese Company,Willows,California,Cream Cheese & Fresh Spreads Worth the Hunt; Farmer & Pot Cheese Worth the Hunt,https://sierranevadacheese.com/
Silver Spring Foods,Eau Claire,Wisconsin,Cocktail & Seafood Sauce Worth the Hunt; Prepared Horseradish Worth the Hunt,https://www.silverspringfoods.com/
Simple Kneads,Burlington,North Carolina,5 Artisan Bread Bakers That Ship,https://simplekneads.com/
Simply Eggless,,,Egg Substitutes & Liquid Egg Worth the Hunt,https://trysimplyeggless.com/
Simply Garlic,Champlain Valley,New York,Garlic Worth the Hunt,https://www.simplygarlic.com/
Simply Halal,Dearborn Heights,Michigan,Halal Pantry & Spices Worth the Hunt,https://simplyhalal.co/
Singing Dog Vanilla,Eugene,Oregon,Vanilla Bean & Paste Worth the Hunt,https://www.singingdogvanilla.com/product/vanilla-bean-paste/
Sinto Gourmet,San Francisco,California,Gochujang Worth the Hunt; Kimchi Worth the Hunt,https://sintogourmet.com/products/gochu-jang-korean-chili-paste
Siren Shrub Company,,,Shrubs & Drinking Vinegars Worth the Hunt,https://sirenshrubs.com/
Sitka Seafood Market,,,Cod & White Fish Worth the Hunt; Wild Salmon Worth the Hunt,https://sitkaseafoodmarket.com
Skinny Crust,East Dundee,Illinois,"Halal Bread & Flatbread Worth the Hunt; Halal Pizza, Lahmacun & Flatbread Worth the Hunt",https://www.skinnycrust.us/
SkinnyDipped,,,Chocolate-Covered Nuts & Fruit Worth the Hunt,https://skinnydipped.com/
Skout Organic,Austin,Texas,Energy & Snack Bars Worth the Hunt,https://www.skoutorganic.com/
Slack Tide Sea Salt,,,5 Finishing Salt Makers Worth the Hunt,https://slacktidemaine.com/
Slingshot Coffee Co.,Raleigh,North Carolina,Cold Brew Coffee Worth the Hunt,https://slingshotcoffee.com/
Slofoodgroup,,,Vanilla Bean & Paste Worth the Hunt; Vanilla Extract Worth the Hunt,https://www.slofoodgroup.com/products/madagascar-pure-vanilla-bean-paste
Small Axe Peppers,Bronx,New York,5 Craft Hot Sauces Worth the Hunt,https://smallaxepeppers.com/
Small Pet Select,,,Best Chinchilla Food Worth the Hunt; Best Guinea Pig Food Worth the Hunt; Best Hamster & Gerbil Food Worth the Hunt; Rabbit & Small-Animal Food Worth the Hunt,https://smallpetselect.com/
Smalls,,,Fresh & Raw Cat Food Worth the Hunt,https://www.smalls.com/
Smiley Honey,Gulf County,Florida,5 Raw Honey Makers Worth the Hunt,https://www.smileyhoney.com/
Smith & Truslow,,,Berbere Worth the Hunt,https://smithandtruslow.com/product-category/organic-berbere-spice
Smith & Wollensky,,,Steak & Brown Sauce Worth the Hunt,https://shop.smithandwollensky.com/
Smith Island Baking Company,Crisfield,Maryland,Layer Cake & Bundt Worth the Hunt,https://smithislandcake.com/
Smith Teamaker,Portland,Oregon,Rooibos & Honeybush Worth the Hunt,https://www.smithtea.com/
Smoking Goose,Indianapolis,Indiana,5 Small-Batch Charcuterie Makers Worth the Hunt; Dukkah Worth the Hunt; Mortadella & Cooked Charcuterie Worth the Hunt; Nduja & Spreadable Salami Worth the Hunt; 5 Small-Batch Sausage Makers Worth the Hunt,https://www.smokinggoose.com/
Smude's Sunflower Oil,Pierz,Minnesota,Cooking Oil Worth the Hunt,https://www.smudeoil.com/
Sogno Toscano,,,Canned Tomatoes Worth the Hunt,https://shop.sognotoscano.com/products/san-marzano-pdo-canned-tomatoes-6000-45
Solely,,,Fruit Leather & Dried Fruit Snacks Worth the Hunt,https://solely.com/
SOMA Chocolate,,,5 Craft Drinking Chocolate Makers Worth the Hunt,https://www.somachocolate.com/
SOMOS,,,5 Small-Batch Salsa Makers Worth the Hunt,https://eatsomos.com/
Son Fish Sauce,,,Best Fish Sauce Worth the Hunt,https://sonfishsauce.com
Song Tea & Ceramics,San Francisco,California,Oolong Tea Worth the Hunt; Pu-erh & Aged Tea Worth the Hunt,https://songtea.com/
Sonoko Sakai,Los Angeles,California,Japanese Curry Roux Worth the Hunt,https://www.sonokosakai.com/
Soom Foods,Philadelphia,Pennsylvania,Date Syrup & Silan Worth the Hunt; Halva Worth the Hunt; Tahini Worth the Hunt,https://www.soomfoods.com/
SoPo Seafood,Portland,Maine,Mussels Worth the Hunt; Shrimp Worth the Hunt,https://soposeafood.com
SorBabes,,,Sorbet & Dairy-Free Frozen Worth the Hunt,https://www.sorbabes.com/
Sorbet Sorority,Birmingham,Michigan,Sorbet & Dairy-Free Frozen Worth the Hunt,https://sorbetsorority.com/
Sound,,,Sparkling Water & Seltzer Worth the Hunt,https://drinksound.com/
Soupergirl,Washington,District of Columbia,Kosher Soup & Broth Worth the Hunt,https://thesoupergirl.com/
Sourdough Pizza,Forest,Virginia,Pizza Dough & Crust Worth the Hunt,https://www.sourdoughpizza.store/products/sourdough-pizza-dough-ball
Sourhouse,,,Baking Yeast & Sourdough Worth the Hunt,https://sourhouse.co/
South Mountain Creamery,Middletown,Maryland,Cream & Half-and-Half Worth the Hunt; Small Dairies Worth the Hunt,https://southmountaincreamery.com/
South River Miso,Conway,Massachusetts,5 Craft Miso Makers Worth the Hunt,https://www.southrivermiso.com/
South Texas Spice Company,San Antonio,Texas,5 Regional BBQ Sauce Makers Worth the Hunt,https://southtexasspicecompany.com/
Southern Baked Pie Company,Gainesville,Georgia,Frozen Pot Pies Worth the Hunt; Pie Worth the Hunt; Pie Crust & Dough Worth the Hunt,https://www.southernbakedpie.com/
Southern Exposure Seed Exchange,Mineral,Virginia,5 Heirloom Seed Companies Worth the Hunt,https://www.southernexposure.com/
Southern Recipe Small Batch,Lima,Ohio,Pork Rinds & Chicharrones Worth the Hunt,https://store.rudolphfoods.com/southern-recipe-small-batch
Southwest Heritage Mill,Albuquerque,New Mexico,Hominy & Pozole Corn Worth the Hunt,https://southwestheritagemill.com/Heirloom-Red-Corn-Pozole-Hominy-Posole-p86967389
Southwest Mushrooms,Phoenix,Arizona,Dried Mushrooms Worth the Hunt,https://southwestmushrooms.com/
Soya Maya,Greensburg,Indiana,5 Craft Tofu & Tempeh Makers Worth the Hunt,https://mayasaritempeh.com/
Specialty Java,,,Kosher Coffee Roasters Worth the Hunt,https://www.specialtyjava.com/
Spicewalla,Asheville,North Carolina,"Cardamom Worth the Hunt; Chili Powder & Taco Seasoning Worth the Hunt; Cinnamon Worth the Hunt; Coriander & Fennel Seed Worth the Hunt; Cumin Worth the Hunt; Curry Powder & Masala Worth the Hunt; Curry & Simmer Sauces Worth the Hunt; Dukkah Worth the Hunt; Everything & All-Purpose Seasoning Worth the Hunt; Chinese Five-Spice & Asian Blends Worth the Hunt; Garam Masala Worth the Hunt; Nutmeg, Cloves & Warm Spice Worth the Hunt; Ras el Hanout & North African Blends Worth the Hunt; Paprika & Smoked Paprika Worth the Hunt; 5 Single-Origin Spice Companies Worth the Hunt; Turmeric Worth the Hunt",https://www.spicewallabrand.com/
Spirit Animal Coffee,,,5 Small-Roaster Coffees Worth the Hunt,https://www.spiritanimalcoffee.com/
SPQR Seasonings,,,Furikake Worth the Hunt,https://spqrseasonings.com/products/nori-komi-furikake-seasoning
Spread The Love,,,5 Small-Batch Nut Butter Makers Worth the Hunt; Peanut Butter Worth the Hunt,https://spreadthelovefoods.com/
Spread-mmms,,,Tapenade & Olive Spread Worth the Hunt,https://spread-mmms.com/
Spring Brook Farm,Reading,Vermont,Swiss & Alpine Cheese Worth the Hunt,https://www.sbfcheese.org/
Sprout Mountain Farms,,,Dried & Seed Potatoes Worth the Hunt,https://www.sproutmountainfarms.com/category/certified-organic-seed-potatoes
Sprout People,,,Sprouting & Microgreen Seeds Worth the Hunt,https://sproutpeople.org/collections/seeds
Spur Tree Spices,,,Ackee Worth the Hunt; Browning & Cooking Caramel Worth the Hunt; Callaloo & Caribbean Greens Worth the Hunt,https://spurtreejamaica.com/
Sqirl,Los Angeles,California,5 Small-Batch Jam Makers Worth the Hunt; Marmalade Worth the Hunt; Pie Filling & Fruit Preserves for Baking Worth the Hunt,https://sqirlla.com/
St-Viateur Bagel,,,5 Real Bagel Shops That Ship,https://stviateurbagel.com/
St. Elmo Steak House,Indianapolis,Indiana,Cocktail & Seafood Sauce Worth the Hunt,https://store.stelmos.com/
St. James Smokehouse,Miami,Florida,Kosher Smoked Fish & Seafood Worth the Hunt,https://www.stjamessmokehouse.com/
St. Steves,Hudsonville,Michigan,Cordials & Drink Syrups Worth the Hunt,https://www.ststeves.com/store/p68/Elderflower_Cordial.html
Stahlbush Island Farms,Corvallis,Oregon,Frozen Fruit Worth the Hunt,https://www.stahlbush.com/
Stan's Donuts,Chicago,Illinois,Donuts Worth the Hunt,https://www.stansdonuts.com/
Standing Stone Farms,,,Live Sourdough Starters Worth the Hunt,https://standingstonefarms.com/products/untitled-mar2_20-33
Standlee,,,Best Goat Feed & Minerals Worth the Hunt; Best Horse Feed Worth the Hunt,https://www.standleeforage.com/
Star Anise Foods,,,Coconut Milk Worth the Hunt,https://www.staranisefoods.com/
Steamies Dumplings,Austin,Texas,Frozen Dumplings & Potstickers Worth the Hunt,https://steamiesdumplings.com/
Steen's,Abbeville,Louisiana,"Cane Syrup & Steen's-style Worth the Hunt; Malt, Coconut & Cane Vinegar Worth the Hunt",https://www.steenssyrup.com/
Steen's Syrup Mill,Abbeville,Louisiana,Molasses & Cane Syrup Worth the Hunt,https://www.steenssyrup.com/
Stemple Creek Ranch,Tomales,California,Beef Worth the Hunt; Lamb Worth the Hunt,https://stemplecreek.com/
Stepladder Ranch & Creamery,Cambria,California,5 Cultured Butters Worth the Hunt,https://stepladdercreamery.com/
Sterling Caviar,Elverta,California,5 Sustainable Caviar & Roe Sources Worth the Hunt,https://sterlingcaviar.com/
Steve's Real Food,,,Fresh & Raw Cat Food Worth the Hunt,https://www.stevesrealfood.com/
Stony Brook WholeHeartedFoods,Geneva,New York,Winter Squash Worth the Hunt,https://store.wholeheartedfoods.com/
Straus Family Creamery,Marshall,California,Craft Butter Makers Worth the Hunt; Cream & Half-and-Half Worth the Hunt; Sour Cream & Crème Fraîche Worth the Hunt,https://www.strausfamilycreamery.com/products/european-style-butter/organic-unsalted-sweet-european-style-butter/
Strauss Free Raised,Franklin,Wisconsin,Veal Worth the Hunt,https://straussbrands.com/
Streit's,Orangeburg,New York,Kosher Pantry & Matzo Worth the Hunt,https://www.streitsmatzos.com/
Struesli,Newtown,Connecticut,5 Small-Batch Granola Makers Worth the Hunt; Kosher Granola & Snacks Worth the Hunt,https://struesli.com/
Su Chili Crisp,,,5 Small-Batch Chili Crisps Worth the Hunt,https://yunhai.shop/collections/su-chili-crisp
Subarashii Kudamono,Kempton,Pennsylvania,Pears Worth the Hunt,https://wonderfulfruit.com/
Sugar + Spoon,Seattle,Washington,Edible & Bake Cookie Dough Worth the Hunt,https://sugarspoondough.com/
Sugar Hill Creamery,,,5 Small-Batch Ice Cream Makers That Ship,https://www.sugarhillcreamery.com/
Sugarbird Sweets,,,Biscuit & Scone Dough Worth the Hunt,https://www.sugarbirdsweets.com/scones/p/frozen-scone-dough
SugarPlum Foods,,,Chow-Chow & Southern Relish Worth the Hunt,https://www.sugarplumfoods.com/
Sugiura Hon Mirin,,,Mirin Worth the Hunt,https://japanesetaste.com/products/sugiura-hon-mirin-3-years-aged-traditional-sweet-rice-seasoning-500ml
Sukhi's Gourmet Indian Foods,Hayward,California,Mango Chutney Worth the Hunt,https://store.sukhis.com/products/mango-chutney
Sukkah Hill Spirits,,,Kosher Spirits & Liqueurs Worth the Hunt,https://sukkahhill.com/
Sukli,,,Calamansi Worth the Hunt; Sukang (Filipino Cane Vinegar) Worth the Hunt; Pancit & Filipino Noodles Worth the Hunt; Patis & Bagoong (Fish Sauce & Shrimp Paste) Worth the Hunt,https://sukli.com/
Sumiya Bunjiro (Mikawa Mirin),,,Mirin Worth the Hunt,https://www.thegoodgrubhub.com/products/hon-mirin-700ml
Sun Noodle,,,"Udon, Soba & Ramen Noodles Worth the Hunt",https://sunnoodle.com/
Sunburst Trout Farms,Waynesville,North Carolina,Trout & Freshwater Fish Worth the Hunt,https://sunbursttrout.com
Suncore Foods,,,Natural Food Coloring Worth the Hunt,https://www.suncorefoods.com/collections/natural-food-coloring-powders
Sunflour Baking Company,Charlotte,North Carolina,Cinnamon Rolls & Sweet Buns Worth the Hunt; English Muffins & Crumpets Worth the Hunt; Muffins & Quick Breads Worth the Hunt,https://sunflourbakingcompany.com/products/cinnamon-rolls
Sunnyland Farms,Albany,Georgia,Fresh Pecans Worth the Hunt,https://www.sunnylandfarms.com/georgia-pecans/
Sunnyland Mills,Fresno,California,Bulgur & Cracked Wheat Worth the Hunt,https://sunnylandmills.com/
SunOrganic Farm (Organic Beet Powder),San Marcos,California,Root Vegetables Worth the Hunt,https://www.sunorganicfarm.com/
Sunrise Flour Mill,North Branch,Minnesota,5 Craft Flour Mills Worth the Hunt; Tipo 00 Pizza Flour Worth the Hunt,https://sunriseflourmill.com/
Superkrauts,Hudson Valley,New York,Sauerkraut Worth the Hunt,https://www.rawsuperkrauts.com/
Supermarket Italy,,,Mostarda & Fruit Condiments Worth the Hunt,https://supermarketitaly.com/collections/candied-fruit
Supernatural,,,Sprinkles & Decorating Worth the Hunt; Whipped Cream & Toppings Worth the Hunt,https://www.supernaturalkitchen.com/shop-supernatural
SuperSeedz,,,Pumpkin Seeds & Pepitas Worth the Hunt,https://www.superseedz.com/
Supreme Beef Jerky,Placentia,California,Halal Jerky & Snacks Worth the Hunt,https://supremebeefjerky.com/
Sutter Buttes Olive Oil,Yuba City,California,Tapenade & Olive Spread Worth the Hunt,https://sutterbuttesoliveoil.com/
Sutter's Taffy,,,Gummies & Chews Worth the Hunt,https://sutterstaffy.com/
Sweets & Treats,Cincinnati,Ohio,Sprinkles & Decorating Worth the Hunt,https://www.shopsweetsandtreats.com/sprinkles
SweetWater Ices,,,Italian Ice & Sorbetto Worth the Hunt,https://sweetwaterices.com/
Swift Cup Coffee,Lancaster,Pennsylvania,Specialty Instant Coffee Worth the Hunt,https://www.swiftcoffee.com/
Swiss Villa,,,Craft Butter Makers Worth the Hunt,https://swissvillallc.com/product-category/dairy/grass-fed-butter/goat-butter/
TABASCO (McIlhenny Company),Avery Island,Louisiana,"Halal Seasonings, Sauces & Condiments Worth the Hunt",https://www.tabasco.com/
Tabatchnick Fine Foods,Somerset,New Jersey,Kosher Soup & Broth Worth the Hunt,https://www.tabatchnick.com/
Táche,,,Plant Milk Worth the Hunt,https://drinktache.com/
Taffy Town,Salt Lake City,Utah,Gummies & Chews Worth the Hunt,https://www.taffytown.com/
Tahitian Gold Co.,,,Vanilla Extract Worth the Hunt,https://tahitiangoldco.com/
Tait Farm Foods,Centre Hall,Pennsylvania,Mango Chutney Worth the Hunt,https://taitfarmfoods.com/products/mango-chutney
Tamaki Rice,Sacramento Valley,California,Japanese Short-Grain Rice Worth the Hunt,https://www.tamakimai.com/
Tanka,Pine Ridge,South Dakota,5 Small-Batch Jerky Makers Worth the Hunt,https://tankabar.com/
TartufLanghe,,,Truffle Honey Worth the Hunt; Truffle Oil Worth the Hunt; Truffle Paste & Sauce Worth the Hunt; Truffle Salt & Seasoning Worth the Hunt,https://tartuflanghe.us/products/acacia-honey-and-white-alba-truffle
Tassos,,,Roasted & Marinated Peppers Worth the Hunt,https://www.tassos.com/
Taste of Spice (Anaaj Inc.),,,Onions & Shallots Worth the Hunt,https://www.amazon.com/Taste-Spice-Fresh-Crispy-Onions/dp/B07TQRXNFK
Taylor Farm and Ranch,Palisade,Colorado,Stone Fruit Worth the Hunt,https://www.taylorfarmranch.com/
Taylor Shellfish Farms,Shelton,Washington,Clams Worth the Hunt; Mussels Worth the Hunt; Oysters Worth the Hunt,https://taylorshellfishfarms.com
Taza Chocolate,Somerville,Massachusetts,Baking Chocolate Worth the Hunt; 5 Bean-to-Bar Chocolate Makers Worth the Hunt; Kosher Chocolate Bars Worth the Hunt; Best Mexican Chocolate Worth the Hunt,https://www.tazachocolate.com/
TC Insects,,,Live Feeder Insects Worth the Hunt,https://tcinsects.com/
Tea Habitat,Rancho Palos Verdes,California,Oolong Tea Worth the Hunt,https://teahabitat.com/
Teatulia,Denver,Colorado,The Glass Case — 5 Certified-Organic Makers,https://teatulia.com/
TeaVivre,,,5 Independent Tea Companies Worth the Hunt,https://www.awin1.com/cread.php?awinmid=88687&amp;awinaffid=2961345&amp;clickref=tea-shelf&amp;ued=https%3A%2F%2Fwww.teavivre.com%2F
Ted Drewes Frozen Custard,St. Louis,Missouri,Custard & Pudding Worth the Hunt,https://teddrewes.com/
Teeccino,Santa Barbara,California,Chicory & Coffee Alternatives Worth the Hunt,https://teeccino.com/
Teeny Tiny Spice Co.,Harrisonburg,Virginia,"Kosher Coffee, Spice & Pantry Specialty Worth the Hunt",https://www.teenytinyspice.com/
Tempesta Artisan Salumi,Chicago,Illinois,5 Small-Batch Charcuterie Makers Worth the Hunt; Mortadella & Cooked Charcuterie Worth the Hunt; Nduja & Spreadable Salami Worth the Hunt; Pate & Mousse Worth the Hunt,https://www.tempestaartisansalumi.com/
Temple of Thai,Los Angeles,California,"Kaffir Lime & Thai Herbs Worth the Hunt; Lemongrass, Galangal & Thai Aromatics Worth the Hunt; Palm & Coconut Sugar (Gula) Worth the Hunt; Shrimp Paste & Belacan Worth the Hunt; Tamarind & Sour Pastes Worth the Hunt; Thai Sticky & Jasmine Rice Worth the Hunt",https://www.templeofthai.com/
Tendergrass Farms,Floyd,Virginia,5 Small-Batch Sausage Makers Worth the Hunt,https://www.tendergrass.com/
Tenpaku (via Anything from Japan),,,Dashi Worth the Hunt,https://anything-from-japan.com/large-and-thick-hana-katsuobushi-bonito-flakes-from-tenpaku-160g
Termini Brothers Bakery,Philadelphia,Pennsylvania,Marzipan & Nougat Worth the Hunt,https://termini.com/
Terrapin Ridge Farms,,,Mayonnaise Worth the Hunt; Onion & Bacon Jam Worth the Hunt; Onions & Shallots Worth the Hunt; Pepper Jelly & Hot Jam Worth the Hunt,https://terrapinridge.com/
Tessemae's,Baltimore,Maryland,Ranch & Buttermilk Dressing Worth the Hunt,https://www.tessemaes.com/
Texas Hill Country Olive Co.,Dripping Springs,Texas,Balsamic Vinegar Worth the Hunt,https://texashillcountryoliveco.com/
Thai and True,Portland,Oregon,Peanut & Satay Sauce Worth the Hunt,https://thaiandtrue.com/products/peanut-sauce
That's It,Los Angeles,California,The Glass Case — 5 No-Additive Makers,https://thatsitfruit.com/
The Artisan Marshmallow Company,,,Marshmallows Worth the Hunt,https://www.theartisanmarshmallowco.com/
The Bagel Shop,Westbury,New York,5 Real Bagel Shops That Ship,https://www.bagelshopshipped.com/
The Bee Charmer,Asheville,North Carolina,5 Small-Batch Hot Honeys Worth the Hunt,https://shopbeecharmer.com/
The Bee's Knees British Imports,,,Custard & Pudding Sauce Worth the Hunt,https://www.thebeeskneesbritishimports.com/
The Best Stop in Scott,Scott,Louisiana,5 Regional Frozen Foods Worth the Hunt,https://www.beststopinscott.com/
The Birkett Mills,Penn Yan,New York,Buckwheat & Kasha Worth the Hunt,https://www.thebirkettmills.com/
The Caviar Co.,San Francisco,California,5 Sustainable Caviar & Roe Sources Worth the Hunt,https://thecaviarco.com/
The Cheese Guy,Yonkers,New York,Kosher Dairy & Cheese Worth the Hunt,https://thecheeseguy.com/
The Chile Guy,,,Best Dried Chiles Worth the Hunt,https://www.thechileguy.com/
The Chosen Bean,,,Kosher Coffee Roasters Worth the Hunt,https://www.thechosenbean.com/
The Coconut Cult,Ogden,Utah,Plant-Based Yogurt Worth the Hunt,https://thecoconutcult.com/
The Congaree Milling Company,Columbia,South Carolina,Grits & Polenta Worth the Hunt,https://thecongareemillingcompany.com/
The Cook Shop,New Orleans,Louisiana,Cajun & Creole Seasoning Worth the Hunt,https://acasualconnoisseur.com/
The Cookie Countess,,,Frosting & Icing Worth the Hunt,https://www.thecookiecountess.com/collections/instant-royal-icing-mixes
The Donut Pub,New York,New York,Donuts Worth the Hunt,https://www.donutpub.com/
The Dutch Kettle,Hamptonville,North Carolina,Molasses & Cane Syrup Worth the Hunt,https://dutchkettleretail.com/
The Fancy Marshmallow Co.,Austin,Texas,Marshmallows Worth the Hunt,https://www.thefancymarshmallowco.com/
The Farm on Wilkes Road,,,Avocados Worth the Hunt,https://www.thefarmonwilkesroad.com/mail-order/avocado-box
The Fillo Factory,,,Phyllo & Filo Dough Worth the Hunt; Tart & Pastry Shells Worth the Hunt,https://fillofactory.com/
The Freakin Rican,Astoria,New York,Sofrito & Recaito Worth the Hunt,https://thefreakinricanrestaurant.com/
The Fresh Chile Co.,Las Cruces,New Mexico,Enchilada & Red Chile Sauce Worth the Hunt,https://freshchileco.com
The Fresh Chile Company,Las Cruces,New Mexico,Chili Powder & Taco Seasoning Worth the Hunt; Fresh Peppers Worth the Hunt; 5 Regional Frozen Foods Worth the Hunt; 5 Small-Batch Salsa Makers Worth the Hunt; Fresh & Specialty Chiles Worth the Hunt,https://freshchileco.com/
The Garlic Store,Fort Collins,Colorado,Garlic Worth the Hunt,https://thegarlicstore.com/
The Ginger People,,,Ginger Worth the Hunt; Pickled Garlic & Ginger Worth the Hunt,https://gingerpeople.com/
The Good Chocolate,San Francisco,California,The Glass Case — 5 Certified-Organic Makers,https://www.thegoodchocolate.com/
The Growers Exchange,,,Fresh Herbs Worth the Hunt,https://thegrowers-exchange.com/
The Hatch Chile Store,Hatch,New Mexico,Enchilada & Red Chile Sauce Worth the Hunt; Fresh Peppers Worth the Hunt; Fresh & Specialty Chiles Worth the Hunt,https://www.hatch-green-chile.com
The Hummus Guy,,,Hummus & Dips Worth the Hunt,https://thehummusguy.com/
The Japanese Pantry,,,Katsuobushi & Bonito Worth the Hunt; Ponzu & Citrus Soy Worth the Hunt; Tamari & Aged Soy Worth the Hunt,https://thejapanesepantry.com/
The June Taylor Company,Berkeley,California,Marmalade Worth the Hunt,https://junetaylorjams.com/
The Konery,Brooklyn,New York,Ice Cream Cones & Waffle Cones Worth the Hunt,https://www.thekonery.com/
The Licorice Guy,,,Licorice Worth the Hunt,https://licoriceguy.com/
The Mala Market,,,Chinese Five-Spice & Asian Blends Worth the Hunt; Hoisin & Sweet Bean Sauce Worth the Hunt,https://themalamarket.com/
The Meadow,Portland,Oregon,Fleur de Sel & Sel Gris Worth the Hunt,https://themeadow.com/collections/salt/fleur-de-sel-sel-gris
The Mediterranean Dish,Alpharetta,Georgia,Bulgur & Cracked Wheat Worth the Hunt,https://shop.themediterraneandish.com/products/fine-bulgur-wheat
The Mill Fudge Factory,Norton,Massachusetts,Fudge Worth the Hunt,https://themillfudgefactory.com/
The Model Bakery,St. Helena,California,English Muffins & Crumpets Worth the Hunt,https://www.themodelbakery.com/
The New Primal (Noble Made),Charleston,South Carolina,Ranch & Buttermilk Dressing Worth the Hunt,https://newprimal.com/
The Nordic Shop,,,Lingonberry & Nordic Preserves Worth the Hunt,https://www.thenordicshop.net/hafi-swedish-lingonberry-preserves/
The Olive Press,Sonoma,California,Tapenade & Olive Spread Worth the Hunt,https://www.theolivepress.com/
The Only Bean,Grand Rapids,Michigan,Dried Edamame & Pea Snacks Worth the Hunt,https://theonlybean.com/
The Pickle Guys,New York,New York,Escabeche & Pickled Jalapenos Worth the Hunt; Kosher Pickles & Deli Condiments Worth the Hunt; Pickled Garlic & Ginger Worth the Hunt,https://pickleguys.com/
The Pie Pizzeria,Salt Lake City,Utah,Frozen Pizza Worth the Hunt,https://www.thepie.com/
The Pine Nut Stand,Nevada,New Mexico,Pine Nuts Worth the Hunt,https://thepinenutstand.com/
The Protein Bakery,New York,New York,Protein Cookies & Bites Worth the Hunt,https://proteinbakery.com/
The Reluctant Trading Experiment,,,Black Pepper & Peppercorns Worth the Hunt; Cinnamon Worth the Hunt,https://reluctanttrading.com/
The Sarap Shop,San Francisco,California,"Adobo, Sinigang & Sauce Mixes Worth the Hunt",https://www.thesarapshop.com/
The Sausage Maker,Buffalo,New York,German & Scandinavian Seasoning Worth the Hunt,https://sausagemaker.com/products/bratwurst-seasoning-4oz
The Spice House,,,Pimento & Allspice Worth the Hunt; German & Scandinavian Seasoning Worth the Hunt; Ginger Worth the Hunt,https://www.thespicehouse.com/products/jamaican-allspice-berries
The Spice Theory,Westchester,New York,Jerk Seasoning Worth the Hunt,https://thespicetheory.com/
The Superfood Company,Carlsbad,California,5 Craft Kombuchas Worth the Hunt,https://thesuperfoodcompany.com/
The Taste of Germany,,,Lebkuchen & Stollen Worth the Hunt; Braised Red Cabbage & Rotkohl Worth the Hunt; Remoulade & German Condiments Worth the Hunt,https://www.thetasteofgermany.com/
The Teff Company (Maskal Teff),Boise,Idaho,Teff Worth the Hunt,https://teffco.com/
The Truffleist,Long Island City,New York,Truffle Honey Worth the Hunt; Truffle Oil Worth the Hunt; Truffle Paste & Sauce Worth the Hunt; Truffle Salt & Seasoning Worth the Hunt,https://truffleist.com/products/truffle-honey
The Velvet Chocolatier,Stevenson,Maryland,Kosher Sweets & Chocolate Worth the Hunt,https://thevelvetchocolatier.com/chocolate/kosher-chocolate/
The Vermont Country Store,Weston,Vermont,English Muffins & Crumpets Worth the Hunt,https://www.vermontcountrystore.com/
The Vermont Marshmallow Co.,,,Marshmallows Worth the Hunt,https://vermontmarshmallow.com/
The Wasabi Store,,,Real Wasabi Worth the Hunt,https://www.thewasabistore.com/
The White Moustache,Brooklyn,New York,Yogurt & Skyr Worth the Hunt,https://whitemoustache.com/
The Wizard's (Edward & Sons),,,Worcestershire & Steak Sauce Worth the Hunt,https://store.edwardandsons.com/
TheBlueberryGuys,,,Frozen Fruit Worth the Hunt,https://www.blueberryguys.com/
Three Sisters Nixtamal,Portland,Oregon,Best Masa Harina & Corn Tortillas Worth the Hunt,https://threesisterspdx.com/
Three Trees,,,Barista Oat & Nut Milk Worth the Hunt; Plant Milk Worth the Hunt,https://www.threetrees.com/
Tienda Salsita,,,5 Small-Batch Salsa Makers Worth the Hunt,https://tiendasalsita.com/
Tierra Farm,Valatie,New York,Cashews Worth the Hunt; Pumpkin Seeds & Pepitas Worth the Hunt,https://www.tierrafarm.com/
Tillamook County Creamery Association,Tillamook,Oregon,Halal Ice Cream Worth the Hunt,https://www.tillamook.com/
Timeless Natural Food,Ulm,Montana,Barley Worth the Hunt; Dal & Lentils Worth the Hunt,https://www.timelessfood.com/
Tiny But Mighty,,,5 Small-Batch Popcorn Makers Worth the Hunt,https://tinybutmightyfoods.com/
Tipsy Scoop,New York,New York,5 Small-Batch Ice Cream Makers That Ship,https://tipsyscoop.com/
Tiptree (Wilkin & Sons),,,HP-Style Brown Sauce Worth the Hunt,https://www.tiptree.com/products/tiptree-brown-sauce
Toby's Family Foods,,,Salad Dressing Worth the Hunt,https://tobysfamilyfoods.com/
Todd's Seeds,,,Sprouting & Microgreen Seeds Worth the Hunt,https://seeds.toddsseeds.com/product-category/sprouting-seeds/
TOIRO,Los Angeles,California,Katsuobushi & Bonito Worth the Hunt,https://toirokitchen.com/
TOIRO Kitchen,,,Dashi Worth the Hunt,https://toirokitchen.com/products/hanakatsuo-dried-bonito-flakes-thin-shave
Top Chef Meals,,,Frozen Prepared Meals Worth the Hunt,https://topchefmeals.com/
Top Hat Provisions,,,Ginger Beer & Botanical Soda Worth the Hunt,https://tophatprovisions.com/
Top Note Tonic,Milwaukee,Wisconsin,Cocktail Mixers & Syrups Worth the Hunt; Tonic & Craft Mixers Worth the Hunt,https://topnotetonic.com/
Top Seedz,Buffalo,New York,5 Artisan Cracker Makers Worth the Hunt; Seed Crackers & Crisps Worth the Hunt,https://topseedz.com/
TOP's Parrot Food,,,Premium Parrot & Bird Food Worth the Hunt,https://www.topsparrotfood.com/
Tortilla Familia,,,Tortillas Worth the Hunt,https://tortillafam.com/
Tortilleria Cuauhtémoc,,,Tortillas Worth the Hunt,https://tortilleriacu.com/
Townsend Sorghum Mill,Jeffersonville,Kentucky,Sorghum Syrup Worth the Hunt,https://www.townsendsorghummill.com/
Tracklements (via British Essentials),,,Ploughman's & Brown Pickle Worth the Hunt,https://us.britishessentials.com/search?q=ploughmans
Traditional Medicinals,Sebastopol,California,Herbal & Wellness Tea Worth the Hunt,https://www.traditionalmedicinals.com/
Traina Home Grown,Patterson,California,Preserved Tomatoes Worth the Hunt; Kosher Nuts & Dried Fruit Worth the Hunt; Sun-Dried Tomatoes Worth the Hunt,https://www.trainahomegrown.com/shop/sun-dried-fruit/tomatoes/california-sun-dried-tomatoes/
Trap-and-Pot Caught Gullo Octopus,,,5 Real Places to Buy Octopus Online,https://sfrhs.com/product/octopus-whole-raw-tenderized-2-4-lbs/
Tree-Ripe Fruit Co.,Dickinson Family Farms,California,Specialty Citrus Growers Worth the Hunt; Pears Worth the Hunt,https://tree-ripe.com/fruit/california-meyer-lemons/
Treehouse California Almonds,Earlimart,California,Almond Flour Worth the Hunt,https://www.treehousealmonds.com/
Treeline Cheese,Hudson Valley,New York,Plant-Based Cheese Worth the Hunt,https://www.treelinecheese.com/
Trefzger's Bakery,Peoria,Illinois,Cinnamon Rolls & Sweet Buns Worth the Hunt,https://www.trefzgersbakery.com/
Tribute Equine Nutrition,,,Best Horse Feed Worth the Hunt,https://tributeequinenutrition.com/
Trin-Jam Distributors,,,Ackee Worth the Hunt,https://trinjamdist.com/
Triple Crown,,,Best Horse Feed Worth the Hunt,https://triplecrownfeed.com/
Tropical Fruit Box,Miami,Florida,Exotic & Tropical Fruit Worth the Hunt,https://tropicalfruitbox.com
TruBeef Organic,San Diego,California,Halal Beef & Lamb Worth the Hunt; Hot Dogs & Franks Worth the Hunt,https://truorganicbeef.com/
True Leaf Market,Salt Lake City,Utah,Microgreens Worth the Hunt; Sprouting & Microgreen Seeds Worth the Hunt,https://trueleafmarket.com/collections/microgreens-kits-and-supplies
True Made Foods,,,5 Regional BBQ Sauce Makers Worth the Hunt; Ketchup Worth the Hunt; The Glass Case — 5 No-Additive Makers,https://www.truemadefoods.com/
True North Granola,,,The Glass Case — 5 No-Additive Makers,https://www.truenorthgranola.com/
True Story Foods,,,Hot Dogs & Franks Worth the Hunt,https://shop.truestoryfoods.com/products/organic-grass-fed-uncured-beef-hot-dogs
Truelove Seeds,,,Egusi Worth the Hunt,https://trueloveseeds.com/products/egusi-melon
Truffle Connection PNW,,,Fresh Truffles (Seasonal) Worth the Hunt,https://www.truffleconnectionpnw.com/truffle-products
Tsar Nicoulai,San Francisco,California,5 Sustainable Caviar & Roe Sources Worth the Hunt,https://tsarnicoulai.com/
Tucumcari Mountain Cheese Factory,Tucumcari,New Mexico,Best Mexican Cheese Worth the Hunt,https://tucumcaricheese.com/
Turchetti's Salumeria,,,Deli & Ham Worth the Hunt,https://www.turchettis.com/
Tussock Sedge Farm,Blooming Glen,Pennsylvania,Cottage Cheese Worth the Hunt,https://tussocksedgefarm.com/
Tustumena Smokehouse,Soldotna,Alaska,5 Smoked Fish Makers Worth the Hunt,https://tustumenasmokehouse.com/
Tutto Calabria,,,Calabrian Chili Worth the Hunt,https://www.tuttocalabria.com/en/
TUYYO Foods,,,Aguas Frescas Worth the Hunt; Horchata & Rice Drinks Worth the Hunt,https://tuyyofoods.com/collections/real-fruit-flavored-agua-fresca
TWF Flours,,,Tipo 00 Pizza Flour Worth the Hunt,https://twfflours.com/products/twf-neapolitan-00-pizza-flour
Twin Marquis,Brooklyn,New York,Best Wonton & Dumpling Wrappers Worth the Hunt,https://www.twinmarquis.com
Twist Foods,Las Vegas,Nevada,Indian Cooking Sauce Worth the Hunt,https://www.twistfoods.com/products/tikka-masala
Two Brooks Farm,Sumner,Mississippi,5 Heritage Rice & Grain Growers Worth the Hunt,https://twobrooksfarm.com/
Tyner Pond Farm,Greenfield,Indiana,Pasture-Raised Eggs Worth the Hunt,https://tynerpondfarm.com/products/pasture-raised-eggs
Uli's Gelato,Los Angeles,California,Gelato Worth the Hunt,https://ulisgelato.com/
Umami Insider,,,Dashi Worth the Hunt,https://umami-insider.com/
Umino,,,Furikake Worth the Hunt,https://www.amazon.com/Umino-Furikake-Multi-Purpose-Seasoning-Authentic/dp/B0FW6TR74K
Unbeetable Feeds,,,Best Horse Feed Worth the Hunt,https://unbeetablefeeds.com/
Uncle Matt's Organic,Clermont,Florida,Lemonade & Limeade Worth the Hunt,https://www.unclematts.com/products/12-oz-organic-homestyle-lemonade/
Underground Meats,Madison,Wisconsin,5 Small-Batch Charcuterie Makers Worth the Hunt; Nduja & Spreadable Salami Worth the Hunt; Saucisson & Dry Salami Worth the Hunt,https://undergroundmeats.com/
Union Pork Store,Union,New Jersey,Longganisa & Filipino Sausage Worth the Hunt,https://unionporkstore.com/
Unique Snacks,Reading,Pennsylvania,"Kosher Chips, Pretzels & Crackers Worth the Hunt",https://www.uniquesnacks.com/
United Dumplings,Atlanta,Georgia,5 Regional Frozen Foods Worth the Hunt; Frozen Dumplings & Potstickers Worth the Hunt,https://www.uniteddumplings.com/
Up Mountain Switchel,Berkshires,Massachusetts,Switchel & Drinking Vinegar Tonics Worth the Hunt,https://drinkswitchel.com/collections/shop/products/switchel-original
Uplands Cheese Company,Dodgeville,Wisconsin,Swiss & Alpine Cheese Worth the Hunt,https://uplandscheese.com/
Upper Crust Enterprises,,,Breadcrumbs & Panko Worth the Hunt; Panko & Japanese Breadcrumbs Worth the Hunt,https://www.uppercrustent.com/
US Citrus,Hargill,Texas,Kaffir Lime & Thai Herbs Worth the Hunt; Specialty & Heirloom Citrus Worth the Hunt,https://uscitrus.com/
US Wellness Meats,Monticello,Missouri,"Ground Meat & Meatball Blends Worth the Hunt; Offal & Organ Meats Worth the Hunt; Tallow, Duck Fat & Cooking Fats Worth the Hunt",https://grasslandbeef.com/
USimplySeason,Layton,Utah,Jerk Seasoning Worth the Hunt,https://www.usimplyseason.com/
Usinger's,Milwaukee,Wisconsin,Deli & Ham Worth the Hunt,https://www.usinger.com/
Van Drunen Farms,Momence,Illinois,Dried & Freeze-Dried Vegetables Worth the Hunt,https://www.vandrunenfarms.com/
Vande Rose Farms,,,5 Small-Smokehouse Bacon Makers Worth the Hunt,https://vanderosefarms.com/
Verdant Tea,Minneapolis,Minnesota,5 Independent Tea Companies Worth the Hunt,https://verdanttea.com/
Verena Street Coffee Co.,Dubuque,Iowa,"Kosher Coffee, Spice & Pantry Specialty Worth the Hunt",https://www.verenastreet.com/
Vermont Salumi,Barre,Vermont,5 Small-Batch Charcuterie Makers Worth the Hunt,https://www.vermontsalumi.com/
Vermont Smoke & Cure,,,Meat Sticks & Snack Sticks Worth the Hunt; Pepperoni Worth the Hunt,https://store.vermontsmokeandcure.com/
Vermont Switchel Company,Cabot,Vermont,Switchel & Drinking Vinegar Tonics Worth the Hunt,https://www.vtswitchel.com/
Vern's Cheese,Chilton,Wisconsin,Cheese Spreads & Fondue Worth the Hunt,https://www.vernscheese.com/
Victory Hemp Foods,Carrollton,Kentucky,Hemp Seeds Worth the Hunt,https://victoryhempfoods.com/
Villa Jerada,Seattle,Washington,Dukkah Worth the Hunt; Harissa Worth the Hunt; Pomegranate Molasses Worth the Hunt; Preserved Lemon Worth the Hunt; Ras el Hanout & North African Blends Worth the Hunt; Za'atar Worth the Hunt,https://www.villajerada.com/shop
Virginia Chutney Company,Flint Hill,Virginia,Mango Chutney Worth the Hunt,https://www.amazon.com/VIRGINIA-CHUTNEY-COMPANY-Mango-Chutney/dp/B00AFE7P1S
Vista Hermosa,,,Best Masa Harina & Corn Tortillas Worth the Hunt,https://vistahermosaproducts.com/
Vitality Farms Company,Lakeland,Florida,Microgreens Worth the Hunt,https://vitalityfarmscompany.com/microgreens-delivered/
Vitam-R (via The Taste of Germany),,,Yeast Extract Spread Worth the Hunt,https://www.thetasteofgermany.com/vitam-r-classic-yeast-extract-plant-based-savory-spread-8-8-oz/
VitaminSea Seaweed,,,Wakame & Dulse Worth the Hunt,https://vitaminseaseaweed.com/
Viva Raw,,,Fresh & Raw Cat Food Worth the Hunt; Fresh & Raw Dog Food Worth the Hunt,https://vivarawpets.com/
Voila Coffee,Bend,Oregon,Specialty Instant Coffee Worth the Hunt,https://voila.coffee/
Volcano Kimchi,San Francisco,California,Kimchi Worth the Hunt; 5 Small-Batch Ferment Makers Worth the Hunt,https://volcanokimchi.com/
Volcano Wasabi,Hilo,Hawaii,Real Wasabi Worth the Hunt,https://volcanowasabi.com/
von Trapp Farmstead,Waitsfield,Vermont,5 Artisan Cheeses Worth the Hunt,https://vontrappfarmstead.com/
Vtopian Artisan Cheeses,Portland,Oregon,Plant-Based Cheese Worth the Hunt,https://www.vtopiancheeses.com/
Wafels & Dinges,Brooklyn,New York,Frozen Breakfast Worth the Hunt,https://wafels.com/
Waka Coffee,,,Specialty Instant Coffee Worth the Hunt,https://www.wakacoffee.com/
Walkers Shortbread,,,Digestives & Tea Biscuits Worth the Hunt,https://us.walkersshortbread.com/shop/
Wan Ja Shan,Middletown,New York,Oyster & Mushroom Sauce Worth the Hunt,https://wanjashan.com/
Wandering Bear Coffee,New York,New York,Cold Brew Coffee Worth the Hunt,https://www.wanderingbearcoffee.com/
Wanderlust Creamery,Los Angeles,California,5 Small-Batch Ice Cream Makers That Ship,https://wanderlustcreamery.com/
Watcharee's,Yarmouth,Maine,Peanut & Satay Sauce Worth the Hunt,https://watcharees.com/products/thai-peanut-sauce
Waterman's Pride Seafood,Baltimore,Maryland,Crab Worth the Hunt,https://watermanspride.com
We Love Jam,Sunol,California,Tomato Jam & Savory Jam Worth the Hunt,https://welovejam.com/
Wei-Chuan USA,City of Industry,California,Best Wonton & Dumpling Wrappers Worth the Hunt,https://www.weichuanusa.com
Westby Cooperative Creamery,Westby,Wisconsin,Brunost & Brown Cheese Worth the Hunt,https://www.westbycreamery.com/shop/ski-queen-gjetost/
Wetherby Cranberry Company,Warrens,Wisconsin,Fresh Cranberries Worth the Hunt,https://freshcranberries.com/
Whisps,Fairfield,New Jersey,Cheese Puffs & Baked Snacks Worth the Hunt,https://whisps.com/
White Mountain Farm,Mosca,Colorado,Quinoa Worth the Hunt,https://www.whitemountainfarm.com/
White Oak Pastures,Bluffton,Georgia,5 Small-Maker Bone Broth Makers Worth the Hunt; Goat Worth the Hunt; Ground Meat & Meatball Blends Worth the Hunt; Best Leaf Lard & Manteca Worth the Hunt; Offal & Organ Meats Worth the Hunt; 5 Regenerative Meat Companies Worth the Hunt,https://whiteoakpastures.com/
Whitley's Peanut Factory,Hayes,Virginia,Brittle & Nut Confections Worth the Hunt; Nut Clusters & Brittle Bites Worth the Hunt,https://whitleyspeanut.com/
Whole Wild Spanish Octopus,,,5 Real Places to Buy Octopus Online,https://brownetrading.com/products/whole-spanish-octopus
Wild Alaskan Company,,,Wild Salmon Worth the Hunt,https://wildalaskancompany.com/
Wild Dutchman,Huron,South Dakota,Sunflower Seeds Worth the Hunt,https://wilddutchmanseeds.com/
Wild Idea Buffalo Co.,Rapid City,South Dakota,Bison & Buffalo Worth the Hunt,https://wildideabuffalo.com/
Wild Ocean Direct,,,Shrimp Worth the Hunt,https://wildoceandirect.com/
Wild Planet,,,Tinned Anchovies Worth the Hunt,https://wildplanetfoods.com/
Wild Tonic,,,5 Craft Kombuchas Worth the Hunt,https://wildtonic.com/
Wilderness Poets,,,Best Mexican Chocolate Worth the Hunt,https://wildernesspoets.com/products/cacao-paste
Wildfish Cannery,,,5 Tinned Fish Brands Worth the Hunt,https://wildfishcannery.com/
Wildgrain,Boston,Massachusetts,Frozen Breakfast Worth the Hunt; Croissants & Pastry Worth the Hunt,https://wildgrain.com/
Wildly Organic,,,Coconut & Palm Sugar Worth the Hunt; Mayonnaise Worth the Hunt; Shredded & Flaked Coconut Worth the Hunt,https://wildlyorganic.com/
Wildly Organic (Wilderness Family Naturals),,,Coconut Oil Worth the Hunt,https://wildlyorganic.com/
wildwonder,Oakland,California,5 Craft Sodas & Mixers Worth the Hunt,https://drinkwildwonder.com/
Willa's,,,Barista Oat & Nut Milk Worth the Hunt,https://willaskitchen.com/products/barista-oat-milk
Willa's Oat Milk,,,Plant Milk Worth the Hunt,https://willas.com/
Willamette Valley Cheese Company,Salem,Oregon,Gouda & Aged Dutch-Style Worth the Hunt,https://sites.google.com/a/wvcheeseco.com/home/online-store
Willy's Products,Fort Lauderdale,Florida,Brunost & Brown Cheese Worth the Hunt; Crispbread & Knäckebröd Worth the Hunt; Lingonberry & Nordic Preserves Worth the Hunt,https://willysproducts.com/
Wilsonshire Sauce,,,Worcestershire & Steak Sauce Worth the Hunt,https://wilsonshiresauce.com/
Wisconsin Creamery,,,Craft Butter Makers Worth the Hunt,https://www.wisconsinbutter.com/artisan-butter.asp
Wise Goat Organics,San Benito County,California,5 Small-Batch Ferment Makers Worth the Hunt,https://wisegoatorganics.com/
Wondermade,Sanford,Florida,Marshmallows Worth the Hunt,https://www.wondermade.com/
Wonton Food Inc.,Brooklyn,New York,Best Wonton & Dumpling Wrappers Worth the Hunt,https://www.wontonfood.com
Wood Prairie Family Farm,Bridgewater,Maine,Heirloom Potatoes Worth the Hunt; Dried & Seed Potatoes Worth the Hunt,https://www.woodprairie.com/
Wooltari,,,"Danmuji & Korean Pickles Worth the Hunt; Myeolchi & Korean Dried Anchovy Worth the Hunt; Korean Noodles (Japchae, Naengmyeon) Worth the Hunt; Cheonggukjang & Fermented Soybean Worth the Hunt; Tteok & Rice Cakes Worth the Hunt; Ssamjang & Wrap Sauce Worth the Hunt",https://wooltariusa.com/en
Wozz! Kitchen Creations,,,Relish & Chow-Chow Worth the Hunt; Salad Dressing Worth the Hunt; Shrubs & Drinking Vinegars Worth the Hunt,https://www.wozzkitchencreations.com/collections/gourmet-condiments-online
Wulf's Fish,Boston,Massachusetts,Scallops Worth the Hunt; Cod & White Fish Worth the Hunt,https://wulfsfish.com
Wysong,,,Best Ferret Food Worth the Hunt,https://www.wysong.net/collections/healthy-raw-ferret-food-supplements
XO Marshmallow,Chicago,Illinois,Marshmallows Worth the Hunt,https://www.xomarshmallow.com/
Xocolatl Small Batch,Atlanta,Georgia,5 Craft Drinking Chocolate Makers Worth the Hunt,https://xocolatlchocolate.com/
Yellowbird,Austin,Texas,Sriracha & Asian Chili Sauce Worth the Hunt,https://www.yellowbirdfoods.com/products/organic-sriracha-hot-sauce
Yerba Buena Tea Co.,Salem,Oregon,Rooibos & Honeybush Worth the Hunt,https://ybtco.com/
Yerba Crew,Philadelphia,Pennsylvania,Yerba Mate Worth the Hunt,https://yerbacrew.com/
Yerba Madre,Sebastopol,California,Yerba Mate Worth the Hunt,https://yerbamadre.com/
Yolélé,,,Fonio Worth the Hunt,https://yolele.com/
YSG Halal,Fremont,California,Halal Meal Prep & Chef-Made Meals Worth the Hunt,https://ysghalal.com/
Yumé Boshi,Oakland,California,Umeboshi & Pickled Plum Worth the Hunt,https://yumeboshiplum.com/
YumEarth,,,Lollipops & Hard Candy Worth the Hunt,https://yumearth.com/
Yun Hai Taiwanese Pantry,Brooklyn,New York,Hoisin & Sweet Bean Sauce Worth the Hunt; Tamari & Aged Soy Worth the Hunt,https://yunhai.shop/collections/soy-paste
Yunnan Sourcing,,,Pu-erh & Aged Tea Worth the Hunt,https://yunnansourcing.us/
YUZUCO,Los Angeles,California,Yuzu & Japanese Citrus Worth the Hunt,https://www.theyuzu.co/
Z Crackers,Brooklyn,New York,"Kosher Chips, Pretzels & Crackers Worth the Hunt",http://www.zcrackers.com
Z&Z,Rockville,Maryland,Za'atar Worth the Hunt,https://www.zandzdc.com/buy-zaatar
Zab's Hot Honey,Los Angeles,California,5 Small-Batch Hot Honeys Worth the Hunt,https://zabssauce.com/
Zack's Mighty,Hudson Valley,New York,5 Regional Chip Makers Worth the Hunt,https://zacksmighty.com/
Zaran Saffron,Morgan Hill,California,Saffron Worth the Hunt,https://zaransaffron.com/
Zaro's Family Bakery,Bronx,New York,Kosher Challah & Bakery Worth the Hunt,https://www.zaro.com/
Zava Ranch,Ventura County,California,Avocados Worth the Hunt; Fresh Herbs Worth the Hunt,https://www.zavaranch.com/
Zaytun Vitamins,,,Halal Vitamins & Supplements Worth the Hunt,https://www.zaytunvitamins.com/
Zelli Pasta,Springdale,Arkansas,Orzo & Mediterranean Pasta Worth the Hunt,https://zellipasta.com/
Ziba Foods,,,5 Dried Fruit Makers Worth the Hunt,https://zibafoods.com/
Zingerman's,Ann Arbor,Michigan,Traditional Aged Balsamic Worth the Hunt; Pomegranate Molasses Worth the Hunt,https://shop.zingermansdeli.com/product/aceto-balsamico-tradizionale-di-modena-dop/5201
Zingerman's Bakehouse,Ann Arbor,Michigan,Babka & Enriched Bread Worth the Hunt; Muffins & Quick Breads Worth the Hunt; Pie Crust & Dough Worth the Hunt,https://www.zingermansbakehouse.com/
Ziyad,Cicero,Illinois,Halal Pantry & Spices Worth the Hunt; Halal Sweets & Candy Worth the Hunt,https://www.ziyadbrothers.com/
Zoo Med,,,Best Frog & Amphibian Food Worth the Hunt; Best Hermit Crab Food Worth the Hunt; Turtle & Tortoise Food Worth the Hunt,https://zoomed.com/
ZOT Organic,,,Licorice Worth the Hunt,https://zotorganic.com/
Zursun Idaho Heirloom Beans,Twin Falls,Idaho,5 Heirloom Bean Growers Worth the Hunt,https://zursunbeans.com/
Zwïta,Houston,Texas,Harissa Worth the Hunt,https://zwitafoods.com/products/spicy-harissa
